"Lien Google Maps ","Nom de la Compagnie ","Ratings","Nombre de revues","Type d'Entreprises","Addresse de la Compagnie ","Fermeture ou Ouverture","Heure de Ouv. ou Ferm.","Numréo de Téléphone","Lien Site Web","R8c4Qb","Image ","Revues"
"","","","","","","","","","","","",""
"","","","","","","","","","","","",""
"https://www.google.com/maps/place/Construction+Daniel+Mar%C3%A9chal/data=!4m7!3m6!1s0x4cc90e8486f23255:0x3a3b36bfeb1aa14e!8m2!3d45.381219!4d-73.490293!16s%2Fg%2F1v5k2mjs!19sChIJVTLyhoQOyUwRTqEa6782Ozo?authuser=0&hl=fr&rclk=1","Construction Daniel Maréchal","4,9","(82)","Entreprise de construction","5 Rue de Dinard","Fermé","⋅ Ouvre à 07 h 00 lun.","(450) 659-2815","https://www.google.com/aclk?sa=L&ai=DChsSEwiBwvD98biRAxWQU38AHYESHI8YACICCAEQABoCb2E&co=1&ase=2&gclid=CjwKCAiAl-_JBhBjEiwAn3rN7WFi5r3NIv5SBnuA1HeGzj9dAPEFG_8EcMlnWEL1Thq99oL5PKp5vxoCM_0QAvD_BwE&cid=CAASuwHkaFS4wgwAwGVx8KwQ2CklWEOQXvluUOdILUktXmP4tzsOaPd8P0q5MRBXiHOIwfalyPKsxIG_Zaev8WG2vBZRIk6esNFYEbNh3D4-a241p24XtQ3OHmdRFdeGKe9jv6tlADkp9BxSf-HpYTUjHVtY5NGvoYzFdp9LzqH0ky8Ylwn6pRodaGiYi3sIcYkEQENe9Tze3puqzoqZjRwFQ7SI-SCR720X-0TR8TaovRaDPBdR-YZi1Ibn4kbW&cce=2&category=acrcp_v1_32&sig=AOD64_12msoYc5KV0b8nM3S66w9981j_bg&adurl&q&ctype=99&nis=6","Site Web","",""
"https://www.google.com/maps/place/Le+Groupe+Platinum/data=!4m7!3m6!1s0x4cc929cb930ed7e5:0x724f9304493c41f!8m2!3d45.671914!4d-73.899545!16s%2Fg%2F1tfg78kx!19sChIJ5dcOk8spyUwRH8STRDD5JAc?authuser=0&hl=fr&rclk=1","Le Groupe Platinum","4,0","(1)","Constructeur résidentiel","30 Rue Émilien Marcoux","Ouvert","· Ferme à 17 h 00","(450) 434-0090","https://www.google.com/aclk?sa=L&ai=DChsSEwiBwvD98biRAxWQU38AHYESHI8YACICCAEQARoCb2E&ae=2&aspm=1&co=1&ase=2&gclid=CjwKCAiAl-_JBhBjEiwAn3rN7UucsiomhdSxS0KLPSBGor_9y2t7vGoDj2QEoGTzdaSdaRqlGotVQRoCqEUQAvD_BwE&cid=CAASuwHkaFS4wgwAwGVx8KwQ2CklWEOQXvluUOdILUktXmP4tzsOaPd8P0q5MRBXiHOIwfalyPKsxIG_Zaev8WG2vBZRIk6esNFYEbNh3D4-a241p24XtQ3OHmdRFdeGKe9jv6tlADkp9BxSf-HpYTUjHVtY5NGvoYzFdp9LzqH0ky8Ylwn6pRodaGiYi3sIcYkEQENe9Tze3puqzoqZjRwFQ7SI-SCR720X-0TR8TaovRaDPBdR-YZi1Ibn4kbW&cce=2&category=acrcp_v1_35&sig=AOD64_0MrRTiP-iujuGclnqRbPN2drFFxw&adurl&q&ctype=99&nis=6","Site Web","",""
"https://www.google.com/maps/place/Groupe+Altura/data=!4m7!3m6!1s0x4cc8e5511a42f17f:0xc9cb60a8bd3990a3!8m2!3d45.7313136!4d-73.4612719!16s%2Fg%2F11yrwm3y3_!19sChIJf_FCGlHlyEwRo5A5vahgy8k?authuser=0&hl=fr&rclk=1","Groupe Altura","5,0","(5)","Entreprise de construction","60A Rue Cherrier","Ouvert","· Ferme à 19 h 00","(514) 709-4692","https://groupealtura.ca/","Site Web","",""
"https://www.google.com/maps/place/Construction+Thor/data=!4m7!3m6!1s0x4cc8e680f883eb51:0x274b1dbcb8084f8e!8m2!3d45.7325535!4d-73.4735757!16s%2Fg%2F1tf6wz95!19sChIJUeuD-IDmyEwRjk8IuLwdSyc?authuser=0&hl=fr&rclk=1","Construction Thor","","","Entreprise de construction","277 Rue Napoléon Provost","Ouvert en ce moment","·","(450) 657-3950","","Itinéraires","",""
"https://www.google.com/maps/place/Les+Constructions+Prestige+Francis+Lauzon/data=!4m7!3m6!1s0x619b42060dd17a19:0xf33c387976e87896!8m2!3d45.7591474!4d-73.457!16s%2Fg%2F11stp90ngx!19sChIJGXrRDQZCm2ERlnjodnk4PPM?authuser=0&hl=fr&rclk=1","Les Constructions Prestige Francis Lauzon","5,0","(24)","Entreprise de construction","18 Rue Parmentier","Ouvert","· Ferme à 18 h 00","(438) 887-8781","https://www.constructionprestige.com/","Site Web","https://ssl.gstatic.com/local/servicebusiness/default_user.png","""Ils ont rénové mon sous-sol complet et je suis extrêmement satisfait."""
"https://www.google.com/maps/place/NMD+Construction+inc+-+Ma%C3%A7ons+Repentigny/data=!4m7!3m6!1s0x4cc8e761cdc47af9:0x62f2f33c53887cfc!8m2!3d45.7561583!4d-73.4724057!16s%2Fg%2F11m6c61vn7!19sChIJ-XrEzWHnyEwR_HyIUzzz8mI?authuser=0&hl=fr&rclk=1","NMD Construction inc - Maçons Repentigny","5,0","(11)","Entrepreneur en maçonnerie","64 Rue Latendresse","Ouvert","· Ferme à 18 h 00","(514) 262-8509","https://www.411habitation.com/macons/lanaudiere/repentigny-11/macons-repentigny.htm","Site Web","https://ssl.gstatic.com/local/servicebusiness/default_user.png","""Des professionnels conscientieux!"""
"https://www.google.com/maps/place/NNC+Construction+Inc/data=!4m7!3m6!1s0x4cc8e67c014b4fb9:0xc13106813b110580!8m2!3d45.7593345!4d-73.4912765!16s%2Fg%2F11bxjjpd3r!19sChIJuU9LAXzmyEwRgAURO4EGMcE?authuser=0&hl=fr&rclk=1","NNC Construction Inc","4,8","(24)","Entreprise de construction","452 Rue Bourque #1000","Ouvert","· Ferme à 17 h 00","(450) 582-6800","http://nnc-construction.com/","Site Web","https://ssl.gstatic.com/local/servicebusiness/default_user.png","""Michel un indispensable à mes yeux dans ce projet!"""
"https://www.google.com/maps/place/Pro+G.+Construction+inc./data=!4m7!3m6!1s0x4cc8e42d72c11241:0xef78cab0d1d3eb8d!8m2!3d45.7304126!4d-73.4592803!16s%2Fg%2F11q94y_p7w!19sChIJQRLBci3kyEwRjevT0bDKeO8?authuser=0&hl=fr&rclk=1","Pro G. Construction inc.","4,2","(10)","Entrepreneur","48 Rue Cherrier","Ouvert","· Ferme à 17 h 00","(514) 996-7764","https://www.toiturepgc.com/?utm_medium=referral&utm_source=gmb&utm_campaign=lnk-gmb","Site Web","https://ssl.gstatic.com/local/servicebusiness/default_user.png","""Entreprise très professionnelle et soucieuse."""
"https://www.google.com/maps/place/Les+Constructions+Beaudoin+Dubois+inc./data=!4m7!3m6!1s0x4cc8e66dc1029d09:0x5b0331075c8c80b5!8m2!3d45.7502889!4d-73.4748371!16s%2Fg%2F11ggg6gypy!19sChIJCZ0CwW3myEwRtYCMXAcxA1s?authuser=0&hl=fr&rclk=1","Les Constructions Beaudoin Dubois inc.","3,3","(3)","Entreprise de construction","82 Rue St Joseph","Ouvert en ce moment","","(514) 269-9275","https://www.beaudoindubois.com/","Site Web","",""
"https://www.google.com/maps/place/Groupe+Inovco+-+Entrepreneur+G%C3%A9n%C3%A9ral,+R%C3%A9novation,+Agrandissement+Maison+Charlemagne/data=!4m7!3m6!1s0x60b1f10670507897:0x9353f0af255504c8!8m2!3d45.6903814!4d-73.7029614!16s%2Fg%2F11vyx77p0k!19sChIJl3hQcAbxsWARyARVJa_wU5M?authuser=0&hl=fr&rclk=1","Groupe Inovco - Entrepreneur Général, Rénovation, Agrandissement Maison Charlemagne","5,0","(33)","Entreprise de construction","·","Ouvert","· Ferme à 20 h 00","(514) 581-8566","https://www.411habitation.com/renovations/lanaudiere/charlemagne-2/renovations-charlemagne.htm","Site Web","https://ssl.gstatic.com/local/servicebusiness/default_user.png","""Très professionnel et courtois avec des résultats excellents!"""
"https://www.google.com/maps/place/Construction+Grenier+L+Inc/data=!4m7!3m6!1s0x4cc8e699c8ed228f:0x2b5808f1fe4fd029!8m2!3d45.7204863!4d-73.4889121!16s%2Fg%2F1vc6d03f!19sChIJjyLtyJnmyEwRKdBP_vEIWCs?authuser=0&hl=fr&rclk=1","Construction Grenier L Inc","4,8","(6)","Entrepreneur général","105 Rue Grenier","Ouvert","· Ferme à 17 h 00","(450) 581-2499","https://lgrenier.com/","Site Web","",""
"https://www.google.com/maps/place/Groupe+HM+Construction+-+Entrepreneur+G%C3%A9n%C3%A9ral/data=!4m7!3m6!1s0x4cc8e7ef0f6499e7:0xad9ca05d22ad5d4c!8m2!3d45.7604202!4d-73.4916413!16s%2Fg%2F11p6x463t7!19sChIJ55lkD-_nyEwRTF2tIl2gnK0?authuser=0&hl=fr&rclk=1","Groupe HM Construction - Entrepreneur Général","4,3","(12)","Entreprise de construction","460 Rue Bourque","Ouvert","·","(514) 312-0526","","Itinéraires","https://ssl.gstatic.com/local/servicebusiness/default_user.png","""Réalisé par Francis, il est soucieux du détails et le résultat le démontre."""
"https://www.google.com/maps/place/CONSTRUCTIONS+J+BILODEAU/data=!4m7!3m6!1s0x4cc8e5cdcf75b60f:0x2aedb8d7215acffb!8m2!3d45.7353651!4d-73.4520969!16s%2Fg%2F11fldtjzz9!19sChIJD7Z1z83lyEwR-89aIde47So?authuser=0&hl=fr&rclk=1","CONSTRUCTIONS J BILODEAU","5,0","(1)","Entreprise de construction","prés, 18 Rue Sarto","Ouvert","· Ferme à 17 h 00","(514) 531-8078","http://constructionsbilodeau.com/","Site Web","https://ssl.gstatic.com/local/servicebusiness/default_user.png","""Respect de l'échéancier, service clé en main avec finition impeccable."""
"https://www.google.com/maps/place/Eric+Construction-Renovations/data=!4m7!3m6!1s0x4cc8e67eaf365a21:0x83f4bdd5c0a4b8d3!8m2!3d45.7387032!4d-73.472707!16s%2Fg%2F1tj8910w!19sChIJIVo2r37myEwR07ikwNW99IM?authuser=0&hl=fr&rclk=1","Eric Construction-Renovations","1,0","(1)","Entrepreneur général","207 Rue Gamelin","","","(450) 585-2839","","Itinéraires","",""
"https://www.google.com/maps/place/Construction+D-Marc+Toit/data=!4m7!3m6!1s0x4cc8e76a7854defb:0xf76cd19bec36cbb!8m2!3d45.7430975!4d-73.4652237!16s%2Fg%2F11q23_81j4!19sChIJ-95UeGrnyEwRu2zDvhnNdg8?authuser=0&hl=fr&rclk=1","Construction D-Marc Toit","5,0","(1)","Entrepreneur général","285 Rue Gauthier","Ouvert","· Ferme à 21 h 00","(514) 999-0664","https://www.facebook.com/Construction-D-Marc-Toit-104268878406717/","Site Web","","Services sur place non offerts"
"https://www.google.com/maps/place/Groupe+Perreault+Construction+inc/data=!4m7!3m6!1s0x4cc8e503104fbba9:0x5762887dfef4ef8a!8m2!3d45.7535845!4d-73.445306!16s%2Fg%2F11yp6h0gzz!19sChIJqbtPEAPlyEwRiu_0_n2IYlc?authuser=0&hl=fr&rclk=1","Groupe Perreault Construction inc","","","Entreprise de construction","·","Ouvert","· Ferme à 17 h 00","(514) 927-5932","https://groupe-perreault-construction.jimdosite.com/","Site Web","","Estimations en ligne"
"https://www.google.com/maps/place/Lajoie+Construction+-+R%C3%A9novation+Commerciale+Repentigny/data=!4m7!3m6!1s0xa324e9ac2e82761b:0x795601d6bc1c5e58!8m2!3d45.7684976!4d-73.4624075!16s%2Fg%2F11y94xqc_q!19sChIJG3aCLqzpJKMRWF4cvNYBVnk?authuser=0&hl=fr&rclk=1","Lajoie Construction - Rénovation Commerciale Repentigny","5,0","(20)","Entreprise de construction","·","Ouvert","· Ferme à 21 h 00","(450) 803-6255","https://www.411habitation.com/renovations/lanaudiere/repentigny-6/renovations-repentigny.htm","Site Web","https://ssl.gstatic.com/local/servicebusiness/default_user.png","""Excellent travail, ils sont à l’écoute et se soucient du détail!"""
"https://www.google.com/maps/place/Acnor+Construction+inc./data=!4m7!3m6!1s0x4cc8e6125ed8a171:0x792b0191a00f27ed!8m2!3d45.7561725!4d-73.471509!16s%2Fg%2F11h7s41mrh!19sChIJcaHYXhLmyEwR7ScPoJEBK3k?authuser=0&hl=fr&rclk=1","Acnor Construction inc.","5,0","(3)","Constructeur résidentiel","Lachenaie Repentigny, 59 Rue Latendresse","Ouvert","· Ferme à 17 h 00","(514) 826-7051","https://www.acnorconstruction.com/","Site Web","https://ssl.gstatic.com/local/servicebusiness/default_user.png","""Solide performance!"""
"https://www.google.com/maps/place/Constructions+Larco/data=!4m7!3m6!1s0x4cc8e5e0aadad48d:0x1defa47be45c1a78!8m2!3d45.7500117!4d-73.4528456!16s%2Fg%2F1tdzl58f!19sChIJjdTaquDlyEwReBpc5Huk7x0?authuser=0&hl=fr&rclk=1","Constructions Larco","5,0","(5)","Entrepreneur général","·","Fermé","⋅ Ouvre à 08 h 00 lun.","(450) 654-5006","https://const-larco.com/","Site Web","https://ssl.gstatic.com/local/servicebusiness/default_user.png","""Service à la clientèle AAA"""
"https://www.google.com/maps/place/B%C3%A9vic+Construction+Inc./data=!4m7!3m6!1s0x4cc8e6c3a22bb751:0xddaff6c4a35af769!8m2!3d45.71771!4d-73.5152151!16s%2Fg%2F1tk6pynb!19sChIJUbcrosPmyEwRafdao8T2r90?authuser=0&hl=fr&rclk=1","Bévic Construction Inc.","5,0","(10)","Entreprise de construction","132 Pl. Martial-Pascal","Ouvert","· Ferme à 17 h 00","(514) 612-4805","http://www.bevic.ca/","Site Web","https://ssl.gstatic.com/local/servicebusiness/default_user.png","""Brave et courtois, je vous recommande fortement Bévic"
"https://www.google.com/maps/place/Adolphe+Construction+inc./data=!4m7!3m6!1s0x406f33588bd04cb9:0x2cf1aad0f772a623!8m2!3d45.780993!4d-73.4245976!16s%2Fg%2F11vwjk3rcd!19sChIJuUzQi1gzb0ARI6Zy99Cq8Sw?authuser=0&hl=fr&rclk=1","Adolphe Construction inc.","5,0","(9)","Entreprise de construction","289 Rue de Niagara","Ouvert","· Ferme à 17 h 00","(514) 889-2196","https://www.adolpheconstruction.ca/","Site Web","https://ssl.gstatic.com/local/servicebusiness/default_user.png","""Un immense merci pour tout @Adolphe"
"https://www.google.com/maps/place/CONSTRUCTION+LOGIMAX+INC/data=!4m7!3m6!1s0x4cc8e42ca4886a19:0xaa9c7eec2903e7b3!8m2!3d45.7319852!4d-73.4628608!16s%2Fg%2F11gy60yy0t!19sChIJGWqIpCzkyEwRs-cDKex-nKo?authuser=0&hl=fr&rclk=1","CONSTRUCTION LOGIMAX INC","","","Entreprise de construction","74 Rue Cherrier","Ouvert en ce moment","","(514) 608-5896","http://constructionlogimax.com/","Site Web","",""
"https://www.google.com/maps/place/Le+Groupe+Platinum/data=!4m7!3m6!1s0x4cc929cb930ed7e5:0x724f9304493c41f!8m2!3d45.671914!4d-73.899545!16s%2Fg%2F1tfg78kx!19sChIJ5dcOk8spyUwRH8STRDD5JAc?authuser=0&hl=fr&rclk=1","Le Groupe Platinum","4,0","(1)","Constructeur résidentiel","30 Rue Émilien Marcoux","Ouvert","· Ferme à 17 h 00","(450) 434-0090","https://www.google.com/aclk?sa=L&ai=DChsSEwji3diC8riRAxXaQH8AHcUzEL4YACICCAEQABoCb2E&ae=2&aspm=1&co=1&ase=2&gclid=CjwKCAiAl-_JBhBjEiwAn3rN7fELU5wrlhRlXCYfPSxxALr1cy8h39lWYT_66nwEPM1TqlRxtIrPtxoCQ_UQAvD_BwE&cid=CAASuwHkaHDz0frMOcNmWfmis2Qj3Z6ltm3visvhbdUmGxtQkv-ReHVgg1hmLZT_ShGNVyWAW2Fc003nc0SRn1meExe_7XFta0IluHRIrU0cHazkwSeNEgZAoDv4TacGt9RzA5HHgHxaIZ3F8aS-cWzK7oyYLbw0DWiQ9SNjJcUXjNJTMNK5BIfigiFxX_cEacXSXpHTDHWzLPdwGJ8h29n4BF2aHkVcGtYKCSXfS5rr1RlD-48LQfND8QsquGKb&cce=2&category=acrcp_v1_35&sig=AOD64_3ULO36WC1whr-NNCVQMkmPZGOWNg&adurl&q&ctype=99&nis=6","Site Web","",""
"https://www.google.com/maps/place/BE3I+Ing%C3%A9nieurs/data=!4m7!3m6!1s0xa215521b295284d1:0x9d923c85094c5074!8m2!3d45.496969!4d-73.572774!16s%2Fg%2F11v0b7v_xq!19sChIJ0YRSKRtSFaIRdFBMCYU8kp0?authuser=0&hl=fr&rclk=1","BE3I Ingénieurs","4,8","(37)","Ingénieur de structures","1155 Rue de la Montagne","Ouvert","· Ferme à 19 h 00","(438) 542-5797","https://www.google.com/aclk?sa=L&ai=DChsSEwji3diC8riRAxXaQH8AHcUzEL4YACICCAEQARoCb2E&co=1&ase=2&gclid=CjwKCAiAl-_JBhBjEiwAn3rN7bG7UuD5fR1QrvAXRpx-AaXoV45nCbLqvc32vI6Cj080WCL-y_Dy-BoCJ1kQAvD_BwE&cid=CAASuwHkaHDz0frMOcNmWfmis2Qj3Z6ltm3visvhbdUmGxtQkv-ReHVgg1hmLZT_ShGNVyWAW2Fc003nc0SRn1meExe_7XFta0IluHRIrU0cHazkwSeNEgZAoDv4TacGt9RzA5HHgHxaIZ3F8aS-cWzK7oyYLbw0DWiQ9SNjJcUXjNJTMNK5BIfigiFxX_cEacXSXpHTDHWzLPdwGJ8h29n4BF2aHkVcGtYKCSXfS5rr1RlD-48LQfND8QsquGKb&cce=2&category=acrcp_v1_32&sig=AOD64_0ltPdWAncYtN3enGUNHkKAhBRcVg&adurl&q&ctype=99&nis=6","Site Web","",""
"https://www.google.com/maps/place/Projets+LS/data=!4m7!3m6!1s0x4cc8e758554e1c75:0x1796e10d5621296c!8m2!3d45.7574862!4d-73.4780379!16s%2Fg%2F11tdpjtsmz!19sChIJdRxOVVjnyEwRbCkhVg3hlhc?authuser=0&hl=fr&rclk=1","Projets LS","4,9","(31)","Monteur de terrasses","211 Rue Bonnard","Ferme bientôt","⋅ 16 h 00 ⋅ Ouvre à 07 h 00 lun.","(514) 885-3784","http://stephlap27.wixsite.com/projetsls","Site Web","https://ssl.gstatic.com/local/servicebusiness/default_user.png","""Nous sommes très satisfait des travaux effectués."""
"https://www.google.com/maps/place/Construction+Renoplex/data=!4m7!3m6!1s0x4cc8e5feb6c879af:0x762c2612a19f2f10!8m2!3d45.7651131!4d-73.4443506!16s%2Fg%2F11fnwh09j_!19sChIJr3nItv7lyEwREC-foRImLHY?authuser=0&hl=fr&rclk=1","Construction Renoplex","5,0","(15)","Entrepreneur général","887 Rue de Bayonne","Ouvert","· Ferme à 21 h 00","(514) 264-9060","https://www.constructionrenoplex.com/","Site Web","https://ssl.gstatic.com/local/servicebusiness/default_user.png","""A chaque projet c est toujours une réussite !"""
"https://www.google.com/maps/place/Excavation+Lordbec+Inc/data=!4m7!3m6!1s0x4cc8e679b93e842f:0x74a486908c098e81!8m2!3d45.7420063!4d-73.4688346!16s%2Fg%2F1td3l67p!19sChIJL4Q-uXnmyEwRgY4JjJCGpHQ?authuser=0&hl=fr&rclk=1","Excavation Lordbec Inc","5,0","(2)","Entrepreneur spécialisé en excavation","8 Rue Lavigne","Ouvert jour et nuit","·","(450) 654-4197","","Itinéraires","https://ssl.gstatic.com/local/servicebusiness/default_user.png","""Très beau travail et bien fait....."""
"https://www.google.com/maps/place/Les+entreprises+R%C3%A9jean+Goyette+Inc./data=!4m7!3m6!1s0x4cc8e6ebe8f8fcf5:0xc0840099d5309182!8m2!3d45.74367!4d-73.438987!16s%2Fg%2F1tf30__b!19sChIJ9fz46OvmyEwRgpEw1ZkAhMA?authuser=0&hl=fr&rclk=1","Les entreprises Réjean Goyette Inc.","4,2","(6)","Entreprise de construction","·","Ferme bientôt","⋅ 16 h 00 ⋅ Ouvre à 07 h 30 lun.","(514) 378-9027","https://rejeangoyette.com/","Site Web","https://ssl.gstatic.com/local/servicebusiness/default_user.png","""Très bien construit"""
"https://www.google.com/maps/place/Sst+Construction+%282016%29+Inc/data=!4m7!3m6!1s0x4cc8ef5991a17075:0x3e8b54baf47683c!8m2!3d45.7465843!4d-73.4378477!16s%2Fg%2F11q2ykhwwc!19sChIJdXChkVnvyEwRPGhHr0u16AM?authuser=0&hl=fr&rclk=1","Sst Construction (2016) Inc","4,3","(6)","Entreprise de construction","577 Rue Notre-Dame","Ouvert","· Ferme à 17 h 00","(450) 582-2033","http://www.sstconstruction2016.com/","Site Web","https://ssl.gstatic.com/local/servicebusiness/default_user.png","""Super compagnie!!"""
"https://www.google.com/maps/place/Lime+Roy+Construction/data=!4m7!3m6!1s0x4cc8e6710d98f825:0xb497b3d917d3b087!8m2!3d45.7471963!4d-73.4706051!16s%2Fg%2F11fk1nxqpr!19sChIJJfiYDXHmyEwRh7DTF9mzl7Q?authuser=0&hl=fr&rclk=1","Lime Roy Construction","4,0","(4)","Entreprise de construction","469 Bd de l'Assomption","","","(514) 213-2766","http://limeroyconstruction.com/","Site Web","",""
"https://www.google.com/maps/place/Constructions+Jsr+2011/data=!4m7!3m6!1s0x4cc8e8aaa161979d:0xfe202cdb2fb98e6f!8m2!3d45.7234878!4d-73.4834326!16s%2Fg%2F1tqpyw02!19sChIJnZdhoaroyEwRb465L9ssIP4?authuser=0&hl=fr&rclk=1","Constructions Jsr 2011","4,1","(9)","Entreprise de construction","259 Rue Notre Dame","","","(450) 585-1111","http://www.constructionjsr.com/","Site Web","",""
"https://www.google.com/maps/place/Sphere+Construction/data=!4m7!3m6!1s0x4cc8e5ecb5c51c71:0xb901687617510e50!8m2!3d45.7536766!4d-73.4310043!16s%2Fg%2F11b5wn1z87!19sChIJcRzFtezlyEwRUA5RF3ZoAbk?authuser=0&hl=fr&rclk=1","Sphere Construction","5,0","(1)","Entrepreneur général","671 Rue Notre-Dame","","","(450) 704-6767","","Itinéraires","",""
"https://www.google.com/maps/place/Plancher+prestige/data=!4m7!3m6!1s0x4cc8e589d3896fdb:0x601bf01103387046!8m2!3d45.7341353!4d-73.4636941!16s%2Fg%2F11j_82tzt_!19sChIJ22-J04nlyEwRRnA4AxHwG2A?authuser=0&hl=fr&rclk=1","Plancher prestige","5,0","(2)","Constructeur résidentiel","313 Rue Ferron","Ouvert","· Ferme à 17 h 00","(514) 998-1202","http://www.planchersprestige.com/","Site Web","https://ssl.gstatic.com/local/servicebusiness/default_user.png","""Merci beaucoup de ton travail"""
"https://www.google.com/maps/place/Groupe+Panorama/data=!4m7!3m6!1s0x4cc8e60ae4a0cf25:0x1836da6f132a90f5!8m2!3d45.7368152!4d-73.4489615!16s%2Fg%2F11dztqf8x8!19sChIJJc-g5ArmyEwR9ZAqE2_aNhg?authuser=0&hl=fr&rclk=1","Groupe Panorama","4,5","(11)","Promoteur immobilier","411 Rue Notre-Dame Bureau 301","Ouvert","· Ferme à 17 h 00","(514) 500-7094","http://groupepanorama.com/","Site Web","https://ssl.gstatic.com/local/servicebusiness/default_user.png","""Très bien insonorisé"""
"https://www.google.com/maps/place/Les+Constructions+Richard/data=!4m7!3m6!1s0x4cc8e8caa3563635:0x764554c10ff9b0cb!8m2!3d45.7869021!4d-73.4384849!16s%2Fg%2F11gdf7xyvg!19sChIJNTZWo8royEwRy7D5D8FURXY?authuser=0&hl=fr&rclk=1","Les Constructions Richard","4,8","(19)","Entrepreneur général","1206 Bd de l'Assomption","Ouvert","· Ferme à 19 h 00","(514) 886-0893","http://www.constructionsrichard.com/","Site Web","https://ssl.gstatic.com/local/servicebusiness/default_user.png","""Les"
"https://www.google.com/maps/place/Construction+Renovation+Lanaudiere+Inc./data=!4m7!3m6!1s0x47a8d6f698e16e93:0x88f8ea8b1b5de1f1!8m2!3d45.8118189!4d-73.5892018!16s%2Fg%2F11zkkp23mz!19sChIJk27hmPbWqEcR8eFdG4vq-Ig?authuser=0&hl=fr&rclk=1","Construction Renovation Lanaudiere Inc.","5,0","(5)","Entreprise de construction","·","Ouvert","· Ferme à 19 h 00","(514) 237-2189","https://www.constructionrenovationlanaudiere.ca/","Site Web","https://ssl.gstatic.com/local/servicebusiness/default_user.png","""Service et travail impeccable!"""
"https://www.google.com/maps/place/Prudhomme+Claude+Construction/data=!4m7!3m6!1s0x4cc8e42c06949d71:0x5cc9ad9d9034f7e8!8m2!3d45.7288854!4d-73.4660453!16s%2Fg%2F11b5wkb8bt!19sChIJcZ2UBizkyEwR6Pc0kJ2tyVw?authuser=0&hl=fr&rclk=1","Prudhomme Claude Construction","","","Entreprise de construction","52 Rue Bourbon","","","(450) 581-4580","","Itinéraires","",""
"https://www.google.com/maps/place/Construction+Lafl%C3%A8che+Jolicoeur/data=!4m7!3m6!1s0x4cc8e70a81b82373:0xc933182d3bf07ebd!8m2!3d45.7226483!4d-73.4847529!16s%2Fg%2F11xd4n67y4!19sChIJcyO4gQrnyEwRvX7wOy0YM8k?authuser=0&hl=fr&rclk=1","Construction Laflèche Jolicoeur","","","Entreprise de construction","50 De La Cour Villeneuve","Ouvert","· Ferme à 17 h 00","(514) 608-1149","https://constructionlj.com/","Site Web","",""
"https://www.google.com/maps/place/SG+CONSTRUCTION/data=!4m7!3m6!1s0x4cc8e427d3668be1:0xee742079bd95122f!8m2!3d45.7241034!4d-73.4716802!16s%2Fg%2F11wfcdst0b!19sChIJ4Ytm0yfkyEwRLxKVvXkgdO4?authuser=0&hl=fr&rclk=1","SG CONSTRUCTION","","","Entreprise de construction","36 De Bienville","","","(514) 994-1550","","Itinéraires","",""
"https://www.google.com/maps/place/Construction+M-A+Gouin/data=!4m7!3m6!1s0x4cc8e7d1d58b0f13:0x60803bbeaa34bf58!8m2!3d45.7693301!4d-73.5111203!16s%2Fg%2F1w96gb_4!19sChIJEw-L1dHnyEwRWL80qr47gGA?authuser=0&hl=fr&rclk=1","Construction M-A Gouin","3,9","(7)","Entreprise de construction","3271 Rue St Paul","Ouvert","· Ferme à 17 h 00","(514) 708-3110","http://www.constructionmagouin.ca/","Site Web","",""
"https://www.google.com/maps/place/Les+Constructions+Novo+Inc./data=!4m7!3m6!1s0x4cc8e68310af8ce3:0x6bdb7ff4e0d79ba4!8m2!3d45.7268828!4d-73.4775932!16s%2Fg%2F11fnwgx1bz!19sChIJ44yvEIPmyEwRpJvX4PR_22s?authuser=0&hl=fr&rclk=1","Les Constructions Novo Inc.","","","Entrepreneur général","71 Rue Simard","Fermé","","","","Itinéraires","",""
"https://www.google.com/maps/place/Construction+Lymco/data=!4m7!3m6!1s0x86e84d733143c2bf:0x5abb10af4fab5535!8m2!3d45.7214146!4d-73.4832981!16s%2Fg%2F11m5p3r_xt!19sChIJv8JDMXNN6IYRNVWrT68Qu1o?authuser=0&hl=fr&rclk=1","Construction Lymco","","","Entreprise de construction","216 Rue Notre Dame","Ouvert","· Ferme à 17 h 00","(450) 585-2159","https://www.constructionlymco.com/","Site Web","",""
"https://www.google.com/maps/place/S.f.p+Construction+Inc./data=!4m7!3m6!1s0x4cc8e64d0f4d8beb:0x1b6e8d3c0739b286!8m2!3d45.7513512!4d-73.5098205!16s%2Fg%2F11rylmqjf7!19sChIJ64tND03myEwRhrI5BzyNbhs?authuser=0&hl=fr&rclk=1","S.f.p Construction Inc.","5,0","(3)","Entrepreneur","1910 Rue Nathalie","Ouvert jour et nuit","·","(514) 653-0354","","Itinéraires","https://ssl.gstatic.com/local/servicebusiness/default_user.png","""Professionel, ponctuel et très facile à contacter tout au long du projet."""
"https://www.google.com/maps/place/Martucci+Construction/data=!4m7!3m6!1s0x4cc8e5dda09aaaab:0x80bedc81dc40c3c3!8m2!3d45.7490099!4d-73.4500545!16s%2Fg%2F11r_dmswk2!19sChIJq6qaoN3lyEwRw8NA3IHcvoA?authuser=0&hl=fr&rclk=1","Martucci Construction","5,0","(1)","Constructeur résidentiel","535- C Rue Leclerc","","","(450) 585-6830","https://martucciconstruction.com/contact/?lang=en","Site Web","https://ssl.gstatic.com/local/servicebusiness/default_user.png","""cela a donne encore plus de valeur a notre immeuble."""
"https://www.google.com/maps/place/Groupe+Panorama/data=!4m7!3m6!1s0x4cc8e60ae4a0cf25:0x1836da6f132a90f5!8m2!3d45.7368152!4d-73.4489615!16s%2Fg%2F11dztqf8x8!19sChIJJc-g5ArmyEwR9ZAqE2_aNhg?authuser=0&hl=fr&rclk=1","Groupe Panorama","4,5","(11)","Promoteur immobilier","411 Rue Notre-Dame Bureau 301","Ouvert","· Ferme à 17 h 00","(514) 500-7094","https://www.constructionrenovationlanaudiere.ca/","Site Web","https://ssl.gstatic.com/local/servicebusiness/default_user.png","""Très bien insonorisé"""
"https://www.google.com/maps/place/Les+Constructions+Richard/data=!4m7!3m6!1s0x4cc8e8caa3563635:0x764554c10ff9b0cb!8m2!3d45.7869021!4d-73.4384849!16s%2Fg%2F11gdf7xyvg!19sChIJNTZWo8royEwRy7D5D8FURXY?authuser=0&hl=fr&rclk=1","Les Constructions Richard","4,8","(19)","Entrepreneur général","1206 Bd de l'Assomption","Ouvert","· Ferme à 19 h 00","(514) 886-0893","","","",""
"https://www.google.com/maps/place/Construction+Renovation+Lanaudiere+Inc./data=!4m7!3m6!1s0x47a8d6f698e16e93:0x88f8ea8b1b5de1f1!8m2!3d45.8118189!4d-73.5892018!16s%2Fg%2F11zkkp23mz!19sChIJk27hmPbWqEcR8eFdG4vq-Ig?authuser=0&hl=fr&rclk=1","Construction Renovation Lanaudiere Inc.","5,0","(5)","Entreprise de construction","·","Ouvert","· Ferme à 19 h 00","(514) 237-2189","https://www.constructionrenovationlanaudiere.ca/","Site Web","",""
"https://www.google.com/maps/place/Les+Constructions+Novo+Inc./data=!4m7!3m6!1s0x4cc8e68310af8ce3:0x6bdb7ff4e0d79ba4!8m2!3d45.7268828!4d-73.4775932!16s%2Fg%2F11fnwgx1bz!19sChIJ44yvEIPmyEwRpJvX4PR_22s?authuser=0&hl=fr&rclk=1","Les Constructions Novo Inc.","","","Entrepreneur général","71 Rue Simard","Fermé","","","","Itinéraires","https://ssl.gstatic.com/local/servicebusiness/default_user.png","""Professionel, ponctuel et très facile à contacter tout au long du projet."""
"https://www.google.com/maps/place/Construction+Lymco/data=!4m7!3m6!1s0x86e84d733143c2bf:0x5abb10af4fab5535!8m2!3d45.7214146!4d-73.4832981!16s%2Fg%2F11m5p3r_xt!19sChIJv8JDMXNN6IYRNVWrT68Qu1o?authuser=0&hl=fr&rclk=1","Construction Lymco","","","Entreprise de construction","216 Rue Notre Dame","Ouvert","· Ferme à 17 h 00","(450) 585-2159","https://www.constructionlymco.com/","Site Web","https://ssl.gstatic.com/local/servicebusiness/default_user.png","""cela a donne encore plus de valeur a notre immeuble."""
"https://www.google.com/maps/place/S.f.p+Construction+Inc./data=!4m7!3m6!1s0x4cc8e64d0f4d8beb:0x1b6e8d3c0739b286!8m2!3d45.7513512!4d-73.5098205!16s%2Fg%2F11rylmqjf7!19sChIJ64tND03myEwRhrI5BzyNbhs?authuser=0&hl=fr&rclk=1","S.f.p Construction Inc.","5,0","(3)","Entrepreneur","1910 Rue Nathalie","Ouvert jour et nuit","·","(514) 653-0354","https://www.google.com/aclk?sa=L&ai=DChsSEwji3diC8riRAxXaQH8AHcUzEL4YACICCAEQABoCb2E&ae=2&aspm=1&co=1&ase=2&gclid=CjwKCAiAl-_JBhBjEiwAn3rN7fELU5wrlhRlXCYfPSxxALr1cy8h39lWYT_66nwEPM1TqlRxtIrPtxoCQ_UQAvD_BwE&cid=CAASuwHkaHDz0frMOcNmWfmis2Qj3Z6ltm3visvhbdUmGxtQkv-ReHVgg1hmLZT_ShGNVyWAW2Fc003nc0SRn1meExe_7XFta0IluHRIrU0cHazkwSeNEgZAoDv4TacGt9RzA5HHgHxaIZ3F8aS-cWzK7oyYLbw0DWiQ9SNjJcUXjNJTMNK5BIfigiFxX_cEacXSXpHTDHWzLPdwGJ8h29n4BF2aHkVcGtYKCSXfS5rr1RlD-48LQfND8QsquGKb&cce=2&category=acrcp_v1_35&sig=AOD64_3ULO36WC1whr-NNCVQMkmPZGOWNg&adurl&q&ctype=99&nis=6","Itinéraires","https://ssl.gstatic.com/local/servicebusiness/default_user.png","""Professionel, ponctuel et très facile à contacter tout au long du projet."""
"https://www.google.com/maps/place/Martucci+Construction/data=!4m7!3m6!1s0x4cc8e5dda09aaaab:0x80bedc81dc40c3c3!8m2!3d45.7490099!4d-73.4500545!16s%2Fg%2F11r_dmswk2!19sChIJq6qaoN3lyEwRw8NA3IHcvoA?authuser=0&hl=fr&rclk=1","Martucci Construction","5,0","(1)","Constructeur résidentiel","535- C Rue Leclerc","","","(450) 585-6830","https://www.google.com/aclk?sa=L&ai=DChsSEwji3diC8riRAxXaQH8AHcUzEL4YACICCAEQARoCb2E&co=1&ase=2&gclid=CjwKCAiAl-_JBhBjEiwAn3rN7bG7UuD5fR1QrvAXRpx-AaXoV45nCbLqvc32vI6Cj080WCL-y_Dy-BoCJ1kQAvD_BwE&cid=CAASuwHkaHDz0frMOcNmWfmis2Qj3Z6ltm3visvhbdUmGxtQkv-ReHVgg1hmLZT_ShGNVyWAW2Fc003nc0SRn1meExe_7XFta0IluHRIrU0cHazkwSeNEgZAoDv4TacGt9RzA5HHgHxaIZ3F8aS-cWzK7oyYLbw0DWiQ9SNjJcUXjNJTMNK5BIfigiFxX_cEacXSXpHTDHWzLPdwGJ8h29n4BF2aHkVcGtYKCSXfS5rr1RlD-48LQfND8QsquGKb&cce=2&category=acrcp_v1_32&sig=AOD64_0ltPdWAncYtN3enGUNHkKAhBRcVg&adurl&q&ctype=99&nis=6","Site Web","https://ssl.gstatic.com/local/servicebusiness/default_user.png","""cela a donne encore plus de valeur a notre immeuble."""
"https://www.google.com/maps/place/YNT+Construction+Inc/data=!4m7!3m6!1s0x4cc8e5d12e48db03:0x78ac97e29f658b5c!8m2!3d45.7488873!4d-73.4498839!16s%2Fg%2F1tlzzsw8!19sChIJA9tILtHlyEwRXItln-KXrHg?authuser=0&hl=fr&rclk=1","YNT Construction Inc","2,8","(5)","Entrepreneur général","535 B Rue Leclerc","Ouvert","· Ferme à 17 h 00","(450) 585-8554","http://www.yntconstruction.com/","Site Web","https://ssl.gstatic.com/local/servicebusiness/default_user.png","""Nous avons trouvé un autre entrepreneur heureusement."""
"https://www.google.com/maps/place/Constructions+Garma+Inc./data=!4m7!3m6!1s0x4cc8e52a37743ebf:0x4da5ec8de743b6a7!8m2!3d45.7492784!4d-73.4415232!16s%2Fg%2F11sy1ncy73!19sChIJvz50NyrlyEwRp7ZD543spU0?authuser=0&hl=fr&rclk=1","Constructions Garma Inc.","5,0","(1)","Entrepreneur général","587 Rue Joliette","Ouvert","·","(450) 654-7884","","Itinéraires","https://ssl.gstatic.com/local/servicebusiness/default_user.png","""Très rare dans le domaine de la"
"https://www.google.com/maps/place/Pro-Expert+Coffrage+2.0/data=!4m7!3m6!1s0x4cc91e3b16a96af3:0xa44e2f68e32f052d!8m2!3d45.7358852!4d-73.4930243!16s%2Fg%2F11f0wkzjf4!19sChIJ82qpFjseyUwRLQUv42gvTqQ?authuser=0&hl=fr&rclk=1","Pro-Expert Coffrage 2.0","4,1","(51)","Entrepreneur en béton","100 Rue de la Couronne Bureau 100","Ouvert","· Ferme à 17 h 00","(438) 501-4413","http://www.pecoffrage.com/","Site Web","","Services sur place"
"https://www.google.com/maps/place/Coffrage+Jesp/data=!4m7!3m6!1s0x4cc8e42920b3ffff:0x90690b0859827dcb!8m2!3d45.7263928!4d-73.4680968!16s%2Fg%2F11h7s3zjhc!19sChIJ__-zICnkyEwRy32CWQgLaZA?authuser=0&hl=fr&rclk=1","Coffrage Jesp","5,0","(1)","Entreprise de construction","49 Rue Charlevoix","Ouvert","· Ferme à 17 h 00","(514) 702-5702","https://coffragejesp.sltm.ca/","Site Web","https://ssl.gstatic.com/local/servicebusiness/default_user.png","""Équipe professionnel"""
"https://www.google.com/maps/place/Constructions+Garma+Inc./data=!4m7!3m6!1s0x4cc8e5e9dfba14bb:0xbe655abcd7d72bd8!8m2!3d45.7599115!4d-73.4624075!16s%2Fg%2F11cjk2j188!19sChIJuxS63-nlyEwR2CvX17xaZb4?authuser=0&hl=fr&rclk=1","Constructions Garma Inc.","4,8","(6)","Entreprise de construction","·","Ouvert","· Ferme à 18 h 00","(514) 702-7884","http://www.411habitation.com/renovations/lanaudiere/repentigny-1/renovations-repentigny.htm","Site Web","https://ssl.gstatic.com/local/servicebusiness/default_user.png","""Le travail a été superbement réalisé du début à la fin."""
"https://www.google.com/maps/place/M+Charpente+-+M12x40/data=!4m7!3m6!1s0x4cc8e70bbd4e0271:0x28628e3cec1ad1fe!8m2!3d45.7565819!4d-73.481101!16s%2Fg%2F11wxl3_4nk!19sChIJcQJOvQvnyEwR_tEa7DyOYig?authuser=0&hl=fr&rclk=1","M Charpente - M12x40","4,0","(4)","Constructeur résidentiel","306 Rue Charles Marchand","Ouvert","· Ferme à 17 h 00","(450) 367-5878","https://www.maisons12x40.com/","Site Web","",""
"https://www.google.com/maps/place/ARJ+CONSTRUCTION+INC/data=!4m7!3m6!1s0x6c3270a13b3d1ff9:0x8081b816ab8d834a!8m2!3d45.6169908!4d-73.6714396!16s%2Fg%2F11sms7wzjq!19sChIJ-R89O6FwMmwRSoONqxa4gYA?authuser=0&hl=fr&rclk=1","ARJ CONSTRUCTION INC","4,9","(53)","Entrepreneur général","·","Ouvert","· Ferme à 17 h 00","(438) 821-8922","https://www.arjconstruction.ca/","Site Web","https://ssl.gstatic.com/local/servicebusiness/default_user.png","""Je n'hésite pas à recommander Plomberie RJ pour vos travaux de plomberie"""
"https://www.google.com/maps/place/L%27Archev%C3%AAque+%26+Rivest+Lt%C3%A9e/data=!4m7!3m6!1s0x4cc8e5e8b317e3f1:0x5ec0cbe990e7ba82!8m2!3d45.7540834!4d-73.4425491!16s%2Fg%2F1tg_l7d6!19sChIJ8eMXs-jlyEwRgrrnkOnLwF4?authuser=0&hl=fr&rclk=1","L'Archevêque & Rivest Ltée","4,5","(10)","Entreprise de construction","96 Bd Industriel","","","(450) 581-4480","https://lrivest.com/","Site Web","",""
"https://www.google.com/maps/place/Les+Constructions+Gns+Inc./data=!4m7!3m6!1s0x4cc8e60cc4ec4335:0x8d2a930bd817dfc4!8m2!3d45.7536603!4d-73.4666081!16s%2Fg%2F11fnwh2fcn!19sChIJNUPsxAzmyEwRxN8X2AuTKo0?authuser=0&hl=fr&rclk=1","Les Constructions Gns Inc.","","","Entrepreneur","491 Rue du Village","Ouvert jour et nuit","","","","Itinéraires","",""
"https://www.google.com/maps/place/Darmax+Construction+Inc/data=!4m7!3m6!1s0x66f15dc8a9de65ef:0xa1f48b629b72b2e!8m2!3d45.7620822!4d-73.4254528!16s%2Fg%2F11w98lxlh8!19sChIJ72Xeqchd8WYRLiu3KbZIHwo?authuser=0&hl=fr&rclk=1","Darmax Construction Inc","4,5","(8)","Entrepreneur en maçonnerie","36 Rue Valmont","Ferme bientôt","⋅ 16 h 00 ⋅ Ouvre à 08 h 00 lun.","(514) 755-2010","https://darmaxconstruction.ca/","Site Web","https://ssl.gstatic.com/local/servicebusiness/default_user.png","""travaux impeccables, très satisfaite."""
"https://www.google.com/maps/place/Construction+Belleville+inc./data=!4m7!3m6!1s0x4cc8ef4bf0f463a9:0xd2b2c6d2b76eaeee!8m2!3d45.7827104!4d-73.434173!16s%2Fg%2F11cl_fpqqm!19sChIJqWP08EvvyEwR7q5ut9LGstI?authuser=0&hl=fr&rclk=1","Construction Belleville inc.","5,0","(1)","Entreprise de construction","1584 Rue Perceval","Ferme bientôt","·","(514) 466-5566","","Itinéraires","",""
"https://www.google.com/maps/place/Manigat+Construction+Inc/data=!4m7!3m6!1s0x4cc8ef1a7a8bd16f:0xea42db14c1a85349!8m2!3d45.7787088!4d-73.4261549!16s%2Fg%2F11yfgx_h5z!19sChIJb9GLehrvyEwRSVOowRTbQuo?authuser=0&hl=fr&rclk=1","Manigat Construction Inc","4,4","(5)","Entrepreneur général","1060 Rue Nicolas","Ouvert","· Ferme à 17 h 00","(514) 757-9193","https://manigatconstruction.com/","Site Web","https://ssl.gstatic.com/local/servicebusiness/default_user.png","""Excellent travail fait dans les delai demandé."""
"https://www.google.com/maps/place/Lawrence+Peinture+%281959%29/data=!4m7!3m6!1s0x4cc8e687abed131d:0x53c223b9194c26e9!8m2!3d45.7332797!4d-73.4798466!16s%2Fg%2F1hc2gsv2m!19sChIJHRPtq4fmyEwR6SZMGbkjwlM?authuser=0&hl=fr&rclk=1","Lawrence Peinture (1959)","3,0","(1)","Entreprise de construction","228 Bd de l'Assomption","","","(450) 654-7962","","Itinéraires","",""
"https://www.google.com/maps/place/Immobilia+construction/data=!4m7!3m6!1s0x4cc8e515cb3aeb13:0xf1802884fe7a3199!8m2!3d45.7639473!4d-73.4287032!16s%2Fg%2F11tc2dyc_z!19sChIJE-s6yxXlyEwRmTF6_oQogPE?authuser=0&hl=fr&rclk=1","Immobilia construction","5,0","(1)","Entrepreneur","68 Rue Vézina","Ouvert","·","(514) 619-6858","","Itinéraires","",""
"https://www.google.com/maps/place/Plomberie+MJ+inc/data=!4m7!3m6!1s0x4cc8e26d41e282c5:0x20b71b2103d5b5b3!8m2!3d45.7335615!4d-73.4743713!16s%2Fg%2F1vcq76b_!19sChIJxYLiQW3iyEwRs7XVAyEbtyA?authuser=0&hl=fr&rclk=1","Plomberie MJ inc","4,9","(167)","Plombier","287 Rue Benjamin Moreau","Ouvert jour et nuit","","(514) 645-4158","http://www.plomberiemj.com/","Site Web","https://ssl.gstatic.com/local/servicebusiness/default_user.png","""pour les travaux de plomberie effectués chez moi après le sinistre."""
"https://www.google.com/maps/place/Construction+Larco/data=!4m7!3m6!1s0x4cc8e5cf5aa40893:0xfcd7a3a8fd97cb54!8m2!3d45.7395786!4d-73.4463453!16s%2Fg%2F11b5wfnb9y!19sChIJkwikWs_lyEwRVMuX_aij1_w?authuser=0&hl=fr&rclk=1","Construction Larco","","","Entreprise de construction","465 Rue Notre-Dame #106","Fermé","·","(450) 657-4022","","Itinéraires","",""
"https://www.google.com/maps/place/Habitations+JL/data=!4m7!3m6!1s0x4cc8e79ee316ab49:0xd15d06e1b3c9cff9!8m2!3d45.75376!4d-73.4603001!16s%2Fg%2F11l396h2j6!19sChIJSasW457nyEwR-c_Js-EGXdE?authuser=0&hl=fr&rclk=1","Habitations JL","5,0","(2)","Entrepreneur général","275 Rue Paradis #1","Ouvert","· Ferme à 17 h 00","(514) 984-1156","https://www.habitationsjl.com/","Site Web","",""
"https://www.google.com/maps/place/Construction+Concept+Pro+Inc./data=!4m7!3m6!1s0x4cc8e8b0d56422ef:0xba9ce5fd053cb43e!8m2!3d45.784224!4d-73.4492046!16s%2Fg%2F11hbnh31fs!19sChIJ7yJk1bDoyEwRPrQ8Bf3lnLo?authuser=0&hl=fr&rclk=1","Construction Concept Pro Inc.","4,0","(1)","Entrepreneur général","1720 Rang du Bas de l'Assomption N","Ouvert","·","(514) 916-8494","","Itinéraires","",""
"https://www.google.com/maps/place/ABM%26J-Construction-Entrepreneur+g%C3%A9n%C3%A9ral/data=!4m7!3m6!1s0x4cc91dc76817618d:0x20883238aa1403ef!8m2!3d45.6095345!4d-73.5176779!16s%2Fg%2F11vt65rv_y!19sChIJjWEXaMcdyUwR7wMUqjgyiCA?authuser=0&hl=fr&rclk=1","ABM&J-Construction-Entrepreneur général","5,0","(14)","Entreprise de construction","9458 Av. Pierre-De Coubertin","Ouvert jour et nuit","","(514) 662-2182","https://www.abmjconstruction.com/","Site Web","https://ssl.gstatic.com/local/servicebusiness/default_user.png","""Je recommande fortement ABM&Construction"""
"https://www.google.com/maps/place/Construction+Gabriel+Gagnon/data=!4m7!3m6!1s0x4cc8e5f0aafd2cab:0x79ba933cc1b39514!8m2!3d45.7551834!4d-73.4280246!16s%2Fg%2F1pp2vmz4s!19sChIJqyz9qvDlyEwRFJWzwTyTunk?authuser=0&hl=fr&rclk=1","Construction Gabriel Gagnon","5,0","(4)","Entrepreneur","9 Rue Bellefeuille","Ouvert","·","(514) 688-7417","","Itinéraires","",""
"https://www.google.com/maps/place/Aux+R%C3%A9novations+Rive+Nord/data=!4m7!3m6!1s0x4cc8e5c584caf929:0x766a0baaf566ae13!8m2!3d45.7408883!4d-73.4476306!16s%2Fg%2F1tf69npx!19sChIJKfnKhMXlyEwRE65m9aoLanY?authuser=0&hl=fr&rclk=1","Aux Rénovations Rive Nord","5,0","(1)","Entreprise de construction","38 Boul. Brien","","","(450) 654-3339","","Itinéraires","",""
"https://www.google.com/maps/place/Les+Constructions+Gadbois+-+Entrepreneur+G%C3%A9n%C3%A9ral/data=!4m7!3m6!1s0x44f8e4e8919105a9:0xa80b8281121d5f41!8m2!3d45.877779!4d-73.3506646!16s%2Fg%2F11v41g8_f6!19sChIJqQWRkejk-EQRQV8dEoGCC6g?authuser=0&hl=fr&rclk=1","Les Constructions Gadbois - Entrepreneur Général","5,0","(10)","Entrepreneur général","·","Ferme bientôt","⋅ 16 h 00 ⋅ Ouvre à 07 h 00 lun.","(514) 613-6720","https://lesconstructionsgadbois.ca/accueil","Site Web","https://ssl.gstatic.com/local/servicebusiness/default_user.png","""Très heureux de ma rénovation de salle de bain !"""
"https://www.google.com/maps/place/Protech+Construction/data=!4m7!3m6!1s0x4cc8fd24825a896d:0x7289cdbe1a517eb9!8m2!3d45.6382702!4d-73.3981768!16s%2Fg%2F11bc8wc9nz!19sChIJbYlagiT9yEwRuX5RGr7NiXI?authuser=0&hl=fr&rclk=1","Protech Construction","4,9","(34)","Entreprise de construction","·","Ferme bientôt","⋅ 16 h 30 ⋅ Ouvre à 08 h 30 lun.","(450) 929-0613","https://www.protechconstruction.ca/","Site Web","https://ssl.gstatic.com/local/servicebusiness/default_user.png","""L'équipe de Protech sur le terrain est à l'image des dirigeants!"""
"https://www.google.com/maps/place/Pronotech+Construction+Inc/data=!4m7!3m6!1s0x4cc8e6c2dc75dd2d:0x875017e4da280066!8m2!3d45.71939!4d-73.5165138!16s%2Fg%2F1tfn2bvf!19sChIJLd113MLmyEwRZgAo2uQXUIc?authuser=0&hl=fr&rclk=1","Pronotech Construction Inc","5,0","(1)","Entreprise de construction","641 Rue Charles de Couagne","","","(450) 585-3199","","Itinéraires","",""
"https://www.google.com/maps/place/Construction+Vaska/data=!4m7!3m6!1s0x5fbbfe7356e978b:0x97227aeb777c8d87!8m2!3d45.6552573!4d-73.562811!16s%2Fg%2F11tjq39myg!19sChIJi5duNee_-wURh418d-t6Ipc?authuser=0&hl=fr&rclk=1","Construction Vaska","5,0","(41)","Entreprise de construction","12272 62e Avenue","Ouvert","· Ferme à 19 h 00","(514) 692-8606","https://constructionvaska.com/","Site Web","https://ssl.gstatic.com/local/servicebusiness/default_user.png","""Hautement recommandé pour tous vos projets de"
"https://www.google.com/maps/place/Construction+Genex+Inc./data=!4m7!3m6!1s0x4cc8e110aaa39617:0x2e91d1ea6fe890d6!8m2!3d45.667346!4d-73.5381187!16s%2Fg%2F11vd3h0518!19sChIJF5ajqhDhyEwR1pDob-rRkS4?authuser=0&hl=fr&rclk=1","Construction Genex Inc.","5,0","(13)","Entrepreneur général","12275 87e Avenue","Ouvert","· Ferme à 18 h 30","(438) 882-0172","https://www.constructiongenex.com/","Site Web","https://ssl.gstatic.com/local/servicebusiness/default_user.png","""J’ai eu une belle expérience avec l’équipe."""
"https://www.google.com/maps/place/LES+ENTREPRISES+DAYLKO+INC/data=!4m7!3m6!1s0x4cc8e42d994ef9b9:0xebe5c534d59f1e06!8m2!3d45.7295949!4d-73.4594898!16s%2Fg%2F11nn55bp1s!19sChIJuflOmS3kyEwRBh6f1TTF5es?authuser=0&hl=fr&rclk=1","LES ENTREPRISES DAYLKO INC","","","Entreprise de construction","48 Rue Longueuil","","","(514) 224-0841","","Itinéraires","",""
"https://www.google.com/maps/place/Les+Immeubles+S+Belval+Inc./data=!4m7!3m6!1s0x4cc8e88210b08bdd:0xad0677f2edc27461!8m2!3d45.9076053!4d-73.4417804!16s%2Fg%2F11c37_76j1!19sChIJ3YuwEILoyEwRYXTC7fJ3Bq0?authuser=0&hl=fr&rclk=1","Les Immeubles S Belval Inc.","5,0","(6)","Entrepreneur général","·","Ouvert","","(514) 444-5354","","Itinéraires","https://ssl.gstatic.com/local/servicebusiness/default_user.png","""Excellent travail, vous êtes fait pour ce métier."""
"https://www.google.com/maps/place/CONSTRUCTION+JACQUES+MORIN+ET+FILS+INC/data=!4m7!3m6!1s0x4cc8e35ca6ed53ab:0x888ca25aead76ff0!8m2!3d45.6779145!4d-73.4149491!16s%2Fg%2F11h5x63zsj!19sChIJq1PtplzjyEwR8G_X6lqijIg?authuser=0&hl=fr&rclk=1","CONSTRUCTION JACQUES MORIN ET FILS INC","4,2","(5)","Entreprise de construction","119 Rue Poitras","Ouvert jour et nuit","","(514) 814-6803","http://constructionjmorinetfils.ca/","Site Web","https://ssl.gstatic.com/local/servicebusiness/default_user.png","""Nous sommes grandement satisfaits du résultat de chacune des pièces."""
"https://www.google.com/maps/place/Rod%C3%A8s+Inc.+-+Construction+Neuve+-+Agrandissement+de+maison/data=!4m7!3m6!1s0x4cc8f1d80157c1c3:0x9a84291a4dedbf5c!8m2!3d45.7770954!4d-73.3556091!16s%2Fg%2F11lgy3hxzl!19sChIJw8FXAdjxyEwRXL_tTRophJo?authuser=0&hl=fr&rclk=1","Rodès Inc. - Construction Neuve - Agrandissement de maison","4,7","(14)","Entreprise de construction","627 Rte Marie-Victorin","Ouvert","· Ferme à 21 h 00","(450) 849-0500","https://www.411habitation.com/contracteur-entrepreneur-general/monteregie/vercheres-2/contracteur-entrepreneur-general-vercheres.htm","Site Web","https://ssl.gstatic.com/local/servicebusiness/default_user.png","""En plus garantie GCR pour"
"https://www.google.com/maps/place/Arteo+Construction+Inc./data=!4m7!3m6!1s0x4cc8e3003156fe71:0x755be01e758419ef!8m2!3d45.7111639!4d-73.5230407!16s%2Fg%2F11w4hzkjpg!19sChIJcf5WMQDjyEwR7xmEdR7gW3U?authuser=0&hl=fr&rclk=1","Arteo Construction Inc.","4,9","(30)","Entrepreneur spécialisé en carrelage","4228 Rue des Fleurs","Fermé","⋅ Ouvre à 08 h 00 sam.","","http://www.arteoconstruction.ca/","Site Web","https://ssl.gstatic.com/local/servicebusiness/default_user.png","""Ils font un travail minutieux, efficace et de qualité."""
"https://www.google.com/maps/place/Construction+Anjinnov+Inc/data=!4m7!3m6!1s0x4cc8e18523fd85d1:0x1390fc5568576267!8m2!3d45.6637317!4d-73.5119623!16s%2Fg%2F1tg4k_hb!19sChIJ0YX9I4XhyEwRZ2JXaFX8kBM?authuser=0&hl=fr&rclk=1","Construction Anjinnov Inc","4,8","(18)","Entreprise de construction","·","Ouvert","· Ferme à 17 h 00","(514) 353-3000","http://www.anjinnov.ca/","Site Web","",""
"https://www.google.com/maps/place/EN+CONSTRUCTION/data=!4m7!3m6!1s0x4cc8e4189c6bffff:0xa4458c3e18da3eb5!8m2!3d45.71446!4d-73.4716615!16s%2Fg%2F11vszf3_1g!19sChIJ__9rnBjkyEwRtT7aGD6MRaQ?authuser=0&hl=fr&rclk=1","EN CONSTRUCTION","","","Entreprise de construction","163 Rue Deschamps","","","","http://centreanma.com/","Site Web","",""
"https://www.google.com/maps/place/Construction+Martin+Goulet/data=!4m7!3m6!1s0x4cc8e30dde460bd3:0xc418de2c5d75a824!8m2!3d45.6895379!4d-73.4342659!16s%2Fg%2F11kmnz3k41!19sChIJ0wtG3g3jyEwRJKh1XSzeGMQ?authuser=0&hl=fr&rclk=1","Construction Martin Goulet","5,0","(2)","Entrepreneur général","2507 Rue Saint-André","Ouvert jour et nuit","","(514) 757-3221","https://www.constructionsmartingoulet.com/","Site Web","https://ssl.gstatic.com/local/servicebusiness/default_user.png","""Le travail est bien exécuté et selon ce qui avait été convenu."""
"https://www.google.com/maps/place/Les+Renovations+et+Construction+Bibeau+inc./data=!4m7!3m6!1s0x4cc8e16cb0aceb21:0x88e66c999c81719e!8m2!3d45.7025813!4d-73.5836651!16s%2Fg%2F11x01crz3w!19sChIJIeussGzhyEwRnnGBnJls5og?authuser=0&hl=fr&rclk=1","Les Renovations et Construction Bibeau inc.","4,8","(17)","Entrepreneur en béton","281 Rue de l'Ïle aux Fraises","Ouvert jour et nuit","","(438) 889-6690","https://www.renovationsetconstructionsbibeau.com/r%C3%A9alisations","Site Web","https://ssl.gstatic.com/local/servicebusiness/default_user.png","""Communication excellente."""
"https://www.google.com/maps/place/Construction+Villanova+Inc+-+Sp%C3%A9cialit%C3%A9+Garage,+Terrasse,+Agrandissement+maison+Terrebonne/data=!4m7!3m6!1s0x4cc8dbff9a1b72b1:0x4d8ec5af86f54d07!8m2!3d45.7475225!4d-73.666824!16s%2Fg%2F11lg3m45dh!19sChIJsXIbmv_byEwRB031hq_Fjk0?authuser=0&hl=fr&rclk=1","Construction Villanova Inc - Spécialité Garage, Terrasse, Agrandissement maison Terrebonne","5,0","(32)","Entreprise de construction","·","Ouvert jour et nuit","","(514) 663-0144","https://www.411habitation.com/renovations/lanaudiere/terrebonne-3/renovations-terrebonne.htm","Site Web","https://ssl.gstatic.com/local/servicebusiness/default_user.png","""Je vous le recommande fortement pour vos travaux, vous ne serrez pas déçu!"""
"https://www.google.com/maps/place/C+%26+S+Construction+Inc.+-+Entreprise+de+construction+Terrebonne/data=!4m7!3m6!1s0x2eaa19b2a22b393:0x715a0ac16d9f6c73!8m2!3d45.7019715!4d-73.7876405!16s%2Fg%2F11sk8bsghw!19sChIJk7MiKpuh6gIRc2yfbcEKWnE?authuser=0&hl=fr&rclk=1","C & S Construction Inc. - Entreprise de construction Terrebonne","5,0","(22)","Entreprise de construction","·","Ouvert","· Ferme à 21 h 00","(514) 617-9933","https://www.411habitation.com/contracteur-entrepreneur-general/lanaudiere/terrebonne-3/contracteur-entrepreneur-general-terrebonne.htm","Site Web","https://ssl.gstatic.com/local/servicebusiness/default_user.png","""Bravo à Steve et son équipe pour la réalisation de nos rénovations."""
"https://www.google.com/maps/place/GUS+%2F+Les+Constructions+Alta+Vista+inc./data=!4m7!3m6!1s0x4cc91e51aba6dd33:0x81a5460126d7a984!8m2!3d45.6035977!4d-73.5898739!16s%2Fg%2F1tghcry3!19sChIJM92mq1EeyUwRhKnXJgFGpYE?authuser=0&hl=fr&rclk=1","GUS / Les Constructions Alta Vista inc.","4,1","(29)","Entreprise de construction","6856 Rue Bombardier","Ouvert jour et nuit","","(514) 327-9114","http://www.gus.ca/","Site Web","https://ssl.gstatic.com/local/servicebusiness/default_user.png","""Un excellent travail réalisé avec soin et dans les délais."""
"https://www.google.com/maps/place/entrepreneurj.c+construction/data=!4m7!3m6!1s0x4cc8e61aefa2dced:0x7e46e417ade08fbe!8m2!3d45.7643406!4d-73.4671489!16s%2Fg%2F1hc3y09l6!19sChIJ7dyi7xrmyEwRvo_grRfkRn4?authuser=0&hl=fr&rclk=1","entrepreneurj.c construction","","","Entrepreneur","207 Rue Payette","Ouvert","·","(438) 871-0184","","Itinéraires","","Estimations en ligne"
"https://www.google.com/maps/place/Maki+Construction/data=!4m7!3m6!1s0x4cc8e606b902c0a5:0x10f59c8ef8a4c170!8m2!3d45.7651538!4d-73.4558962!16s%2Fg%2F11h7s3t893!19sChIJpcACuQbmyEwRcMGk-I6c9RA?authuser=0&hl=fr&rclk=1","Maki Construction","","","Entreprise de construction","100 Rue Chatel","","","","","Itinéraires","",""
"https://www.google.com/maps/place/Coffrage+Jesp/data=!4m7!3m6!1s0x4cc8e42920b3ffff:0x90690b0859827dcb!8m2!3d45.7263928!4d-73.4680968!16s%2Fg%2F11h7s3zjhc!19sChIJ__-zICnkyEwRy32CWQgLaZA?authuser=0&hl=fr&rclk=1","Coffrage Jesp","5,0","(1)","Entreprise de construction","49 Rue Charlevoix","Ouvert","· Ferme à 17 h 00","(514) 702-5702","https://www.maisons12x40.com/","Site Web","",""
"https://www.google.com/maps/place/ARJ+CONSTRUCTION+INC/data=!4m7!3m6!1s0x6c3270a13b3d1ff9:0x8081b816ab8d834a!8m2!3d45.6169908!4d-73.6714396!16s%2Fg%2F11sms7wzjq!19sChIJ-R89O6FwMmwRSoONqxa4gYA?authuser=0&hl=fr&rclk=1","ARJ CONSTRUCTION INC","4,9","(53)","Entrepreneur général","·","Ouvert","· Ferme à 17 h 00","(438) 821-8922","","","",""
"https://www.google.com/maps/place/L%27Archev%C3%AAque+%26+Rivest+Lt%C3%A9e/data=!4m7!3m6!1s0x4cc8e5e8b317e3f1:0x5ec0cbe990e7ba82!8m2!3d45.7540834!4d-73.4425491!16s%2Fg%2F1tg_l7d6!19sChIJ8eMXs-jlyEwRgrrnkOnLwF4?authuser=0&hl=fr&rclk=1","L'Archevêque & Rivest Ltée","4,5","(10)","Entreprise de construction","96 Bd Industriel","","","(450) 581-4480","https://lrivest.com/","Site Web","https://ssl.gstatic.com/local/servicebusiness/default_user.png","""travaux impeccables, très satisfaite."""
"https://www.google.com/maps/place/Manigat+Construction+Inc/data=!4m7!3m6!1s0x4cc8ef1a7a8bd16f:0xea42db14c1a85349!8m2!3d45.7787088!4d-73.4261549!16s%2Fg%2F11yfgx_h5z!19sChIJb9GLehrvyEwRSVOowRTbQuo?authuser=0&hl=fr&rclk=1","Manigat Construction Inc","4,4","(5)","Entrepreneur général","1060 Rue Nicolas","Ouvert","· Ferme à 17 h 00","(514) 757-9193","","","",""
"https://www.google.com/maps/place/Lawrence+Peinture+%281959%29/data=!4m7!3m6!1s0x4cc8e687abed131d:0x53c223b9194c26e9!8m2!3d45.7332797!4d-73.4798466!16s%2Fg%2F1hc2gsv2m!19sChIJHRPtq4fmyEwR6SZMGbkjwlM?authuser=0&hl=fr&rclk=1","Lawrence Peinture (1959)","3,0","(1)","Entreprise de construction","228 Bd de l'Assomption","","","(450) 654-7962","http://www.plomberiemj.com/","Itinéraires","https://ssl.gstatic.com/local/servicebusiness/default_user.png","""pour les travaux de plomberie effectués chez moi après le sinistre."""
"https://www.google.com/maps/place/Plomberie+MJ+inc/data=!4m7!3m6!1s0x4cc8e26d41e282c5:0x20b71b2103d5b5b3!8m2!3d45.7335615!4d-73.4743713!16s%2Fg%2F1vcq76b_!19sChIJxYLiQW3iyEwRs7XVAyEbtyA?authuser=0&hl=fr&rclk=1","Plomberie MJ inc","4,9","(167)","Plombier","287 Rue Benjamin Moreau","Ouvert jour et nuit","","(514) 645-4158","http://www.plomberiemj.com/","Site Web","",""
"https://www.google.com/maps/place/Habitations+JL/data=!4m7!3m6!1s0x4cc8e79ee316ab49:0xd15d06e1b3c9cff9!8m2!3d45.75376!4d-73.4603001!16s%2Fg%2F11l396h2j6!19sChIJSasW457nyEwR-c_Js-EGXdE?authuser=0&hl=fr&rclk=1","Habitations JL","5,0","(2)","Entrepreneur général","275 Rue Paradis #1","Ouvert","· Ferme à 17 h 00","(514) 984-1156","https://www.habitationsjl.com/","Site Web","https://ssl.gstatic.com/local/servicebusiness/default_user.png","""Je recommande fortement ABM&Construction"""
"https://www.google.com/maps/place/ABM%26J-Construction-Entrepreneur+g%C3%A9n%C3%A9ral/data=!4m7!3m6!1s0x4cc91dc76817618d:0x20883238aa1403ef!8m2!3d45.6095345!4d-73.5176779!16s%2Fg%2F11vt65rv_y!19sChIJjWEXaMcdyUwR7wMUqjgyiCA?authuser=0&hl=fr&rclk=1","ABM&J-Construction-Entrepreneur général","5,0","(14)","Entreprise de construction","9458 Av. Pierre-De Coubertin","Ouvert jour et nuit","","(514) 662-2182","https://www.google.com/aclk?sa=L&ai=DChsSEwiBwvD98biRAxWQU38AHYESHI8YACICCAEQABoCb2E&co=1&ase=2&gclid=CjwKCAiAl-_JBhBjEiwAn3rN7WFi5r3NIv5SBnuA1HeGzj9dAPEFG_8EcMlnWEL1Thq99oL5PKp5vxoCM_0QAvD_BwE&cid=CAASuwHkaFS4wgwAwGVx8KwQ2CklWEOQXvluUOdILUktXmP4tzsOaPd8P0q5MRBXiHOIwfalyPKsxIG_Zaev8WG2vBZRIk6esNFYEbNh3D4-a241p24XtQ3OHmdRFdeGKe9jv6tlADkp9BxSf-HpYTUjHVtY5NGvoYzFdp9LzqH0ky8Ylwn6pRodaGiYi3sIcYkEQENe9Tze3puqzoqZjRwFQ7SI-SCR720X-0TR8TaovRaDPBdR-YZi1Ibn4kbW&cce=2&category=acrcp_v1_32&sig=AOD64_12msoYc5KV0b8nM3S66w9981j_bg&adurl&q&ctype=99&nis=6","Site Web","https://ssl.gstatic.com/local/servicebusiness/default_user.png","""Je recommande fortement ABM&Construction"""
"https://www.google.com/maps/place/Construction+Gabriel+Gagnon/data=!4m7!3m6!1s0x4cc8e5f0aafd2cab:0x79ba933cc1b39514!8m2!3d45.7551834!4d-73.4280246!16s%2Fg%2F1pp2vmz4s!19sChIJqyz9qvDlyEwRFJWzwTyTunk?authuser=0&hl=fr&rclk=1","Construction Gabriel Gagnon","5,0","(4)","Entrepreneur","9 Rue Bellefeuille","Ouvert","·","(514) 688-7417","https://www.google.com/aclk?sa=L&ai=DChsSEwiBwvD98biRAxWQU38AHYESHI8YACICCAEQARoCb2E&ae=2&aspm=1&co=1&ase=2&gclid=CjwKCAiAl-_JBhBjEiwAn3rN7UucsiomhdSxS0KLPSBGor_9y2t7vGoDj2QEoGTzdaSdaRqlGotVQRoCqEUQAvD_BwE&cid=CAASuwHkaFS4wgwAwGVx8KwQ2CklWEOQXvluUOdILUktXmP4tzsOaPd8P0q5MRBXiHOIwfalyPKsxIG_Zaev8WG2vBZRIk6esNFYEbNh3D4-a241p24XtQ3OHmdRFdeGKe9jv6tlADkp9BxSf-HpYTUjHVtY5NGvoYzFdp9LzqH0ky8Ylwn6pRodaGiYi3sIcYkEQENe9Tze3puqzoqZjRwFQ7SI-SCR720X-0TR8TaovRaDPBdR-YZi1Ibn4kbW&cce=2&category=acrcp_v1_35&sig=AOD64_0MrRTiP-iujuGclnqRbPN2drFFxw&adurl&q&ctype=99&nis=6","Itinéraires","",""
"https://www.google.com/maps/place/Le+Groupe+Platinum/data=!4m7!3m6!1s0x4cc929cb930ed7e5:0x724f9304493c41f!8m2!3d45.671914!4d-73.899545!16s%2Fg%2F1tfg78kx!19sChIJ5dcOk8spyUwRH8STRDD5JAc?authuser=0&hl=fr&rclk=1","Le Groupe Platinum","4,0","(1)","Constructeur résidentiel","30 Rue Émilien Marcoux","Ouvert","· Ferme à 17 h 00","(450) 434-0090","","","",""
"https://www.google.com/maps/place/BE3I+Ing%C3%A9nieurs/data=!4m7!3m6!1s0xa215521b295284d1:0x9d923c85094c5074!8m2!3d45.496969!4d-73.572774!16s%2Fg%2F11v0b7v_xq!19sChIJ0YRSKRtSFaIRdFBMCYU8kp0?authuser=0&hl=fr&rclk=1","BE3I Ingénieurs","4,8","(37)","Ingénieur de structures","1155 Rue de la Montagne","Ouvert","· Ferme à 19 h 00","(438) 542-5797","https://lesconstructionsgadbois.ca/accueil","Site Web","",""
"https://www.google.com/maps/place/Aux+R%C3%A9novations+Rive+Nord/data=!4m7!3m6!1s0x4cc8e5c584caf929:0x766a0baaf566ae13!8m2!3d45.7408883!4d-73.4476306!16s%2Fg%2F1tf69npx!19sChIJKfnKhMXlyEwRE65m9aoLanY?authuser=0&hl=fr&rclk=1","Aux Rénovations Rive Nord","5,0","(1)","Entreprise de construction","38 Boul. Brien","","","(450) 654-3339","https://www.protechconstruction.ca/","Itinéraires","https://ssl.gstatic.com/local/servicebusiness/default_user.png","""L'équipe de Protech sur le terrain est à l'image des dirigeants!"""
"https://www.google.com/maps/place/Les+Constructions+Gadbois+-+Entrepreneur+G%C3%A9n%C3%A9ral/data=!4m7!3m6!1s0x44f8e4e8919105a9:0xa80b8281121d5f41!8m2!3d45.877779!4d-73.3506646!16s%2Fg%2F11v41g8_f6!19sChIJqQWRkejk-EQRQV8dEoGCC6g?authuser=0&hl=fr&rclk=1","Les Constructions Gadbois - Entrepreneur Général","5,0","(10)","Entrepreneur général","·","Ferme bientôt","⋅ 16 h 00 ⋅ Ouvre à 07 h 00 lun.","(514) 613-6720","","","",""
"https://www.google.com/maps/place/Pronotech+Construction+Inc/data=!4m7!3m6!1s0x4cc8e6c2dc75dd2d:0x875017e4da280066!8m2!3d45.71939!4d-73.5165138!16s%2Fg%2F1tfn2bvf!19sChIJLd113MLmyEwRZgAo2uQXUIc?authuser=0&hl=fr&rclk=1","Pronotech Construction Inc","5,0","(1)","Entreprise de construction","641 Rue Charles de Couagne","","","(450) 585-3199","https://www.constructiongenex.com/","Itinéraires","https://ssl.gstatic.com/local/servicebusiness/default_user.png","""J’ai eu une belle expérience avec l’équipe."""
"https://www.google.com/maps/place/Construction+Vaska/data=!4m7!3m6!1s0x5fbbfe7356e978b:0x97227aeb777c8d87!8m2!3d45.6552573!4d-73.562811!16s%2Fg%2F11tjq39myg!19sChIJi5duNee_-wURh418d-t6Ipc?authuser=0&hl=fr&rclk=1","Construction Vaska","5,0","(41)","Entreprise de construction","12272 62e Avenue","Ouvert","· Ferme à 19 h 00","(514) 692-8606","","","",""
"https://www.google.com/maps/place/Construction+Genex+Inc./data=!4m7!3m6!1s0x4cc8e110aaa39617:0x2e91d1ea6fe890d6!8m2!3d45.667346!4d-73.5381187!16s%2Fg%2F11vd3h0518!19sChIJF5ajqhDhyEwR1pDob-rRkS4?authuser=0&hl=fr&rclk=1","Construction Genex Inc.","5,0","(13)","Entrepreneur général","12275 87e Avenue","Ouvert","· Ferme à 18 h 30","(438) 882-0172","","","https://ssl.gstatic.com/local/servicebusiness/default_user.png","""J’ai eu une belle expérience avec l’équipe."""
"https://www.google.com/maps/place/LES+ENTREPRISES+DAYLKO+INC/data=!4m7!3m6!1s0x4cc8e42d994ef9b9:0xebe5c534d59f1e06!8m2!3d45.7295949!4d-73.4594898!16s%2Fg%2F11nn55bp1s!19sChIJuflOmS3kyEwRBh6f1TTF5es?authuser=0&hl=fr&rclk=1","LES ENTREPRISES DAYLKO INC","","","Entreprise de construction","48 Rue Longueuil","","","(514) 224-0841","http://constructionjmorinetfils.ca/","Itinéraires","https://ssl.gstatic.com/local/servicebusiness/default_user.png","""Nous sommes grandement satisfaits du résultat de chacune des pièces."""
"https://www.google.com/maps/place/Les+Immeubles+S+Belval+Inc./data=!4m7!3m6!1s0x4cc8e88210b08bdd:0xad0677f2edc27461!8m2!3d45.9076053!4d-73.4417804!16s%2Fg%2F11c37_76j1!19sChIJ3YuwEILoyEwRYXTC7fJ3Bq0?authuser=0&hl=fr&rclk=1","Les Immeubles S Belval Inc.","5,0","(6)","Entrepreneur général","·","Ouvert","","(514) 444-5354","https://www.411habitation.com/contracteur-entrepreneur-general/monteregie/vercheres-2/contracteur-entrepreneur-general-vercheres.htm","Itinéraires","https://ssl.gstatic.com/local/servicebusiness/default_user.png","""Excellent travail, vous êtes fait pour ce métier."""
"https://www.google.com/maps/place/Rod%C3%A8s+Inc.+-+Construction+Neuve+-+Agrandissement+de+maison/data=!4m7!3m6!1s0x4cc8f1d80157c1c3:0x9a84291a4dedbf5c!8m2!3d45.7770954!4d-73.3556091!16s%2Fg%2F11lgy3hxzl!19sChIJw8FXAdjxyEwRXL_tTRophJo?authuser=0&hl=fr&rclk=1","Rodès Inc. - Construction Neuve - Agrandissement de maison","4,7","(14)","Entreprise de construction","627 Rte Marie-Victorin","Ouvert","· Ferme à 21 h 00","(450) 849-0500","https://www.411habitation.com/contracteur-entrepreneur-general/monteregie/vercheres-2/contracteur-entrepreneur-general-vercheres.htm","Site Web","",""
"https://www.google.com/maps/place/Arteo+Construction+Inc./data=!4m7!3m6!1s0x4cc8e3003156fe71:0x755be01e758419ef!8m2!3d45.7111639!4d-73.5230407!16s%2Fg%2F11w4hzkjpg!19sChIJcf5WMQDjyEwR7xmEdR7gW3U?authuser=0&hl=fr&rclk=1","Arteo Construction Inc.","4,9","(30)","Entrepreneur spécialisé en carrelage","4228 Rue des Fleurs","Fermé","⋅ Ouvre à 08 h 00 sam.","","http://www.arteoconstruction.ca/","Site Web","",""
"https://www.google.com/maps/place/Construction+Anjinnov+Inc/data=!4m7!3m6!1s0x4cc8e18523fd85d1:0x1390fc5568576267!8m2!3d45.6637317!4d-73.5119623!16s%2Fg%2F1tg4k_hb!19sChIJ0YX9I4XhyEwRZ2JXaFX8kBM?authuser=0&hl=fr&rclk=1","Construction Anjinnov Inc","4,8","(18)","Entreprise de construction","·","Ouvert","· Ferme à 17 h 00","(514) 353-3000","http://www.anjinnov.ca/","Site Web","https://ssl.gstatic.com/local/servicebusiness/default_user.png","""Le travail est bien exécuté et selon ce qui avait été convenu."""
"https://www.google.com/maps/place/EN+CONSTRUCTION/data=!4m7!3m6!1s0x4cc8e4189c6bffff:0xa4458c3e18da3eb5!8m2!3d45.71446!4d-73.4716615!16s%2Fg%2F11vszf3_1g!19sChIJ__9rnBjkyEwRtT7aGD6MRaQ?authuser=0&hl=fr&rclk=1","EN CONSTRUCTION","","","Entreprise de construction","163 Rue Deschamps","","","","http://centreanma.com/","Site Web","https://ssl.gstatic.com/local/servicebusiness/default_user.png","""Communication excellente."""
"https://www.google.com/maps/place/C+%26+S+Construction+Inc.+-+Entreprise+de+construction+Terrebonne/data=!4m7!3m6!1s0x2eaa19b2a22b393:0x715a0ac16d9f6c73!8m2!3d45.7019715!4d-73.7876405!16s%2Fg%2F11sk8bsghw!19sChIJk7MiKpuh6gIRc2yfbcEKWnE?authuser=0&hl=fr&rclk=1","C & S Construction Inc. - Entreprise de construction Terrebonne","5,0","(22)","Entreprise de construction","·","Ouvert","· Ferme à 21 h 00","(514) 617-9933","","","https://ssl.gstatic.com/local/servicebusiness/default_user.png","""Bravo à Steve et son équipe pour la réalisation de nos rénovations."""
"https://www.google.com/maps/place/GUS+%2F+Les+Constructions+Alta+Vista+inc./data=!4m7!3m6!1s0x4cc91e51aba6dd33:0x81a5460126d7a984!8m2!3d45.6035977!4d-73.5898739!16s%2Fg%2F1tghcry3!19sChIJM92mq1EeyUwRhKnXJgFGpYE?authuser=0&hl=fr&rclk=1","GUS / Les Constructions Alta Vista inc.","4,1","(29)","Entreprise de construction","6856 Rue Bombardier","Ouvert jour et nuit","","(514) 327-9114","","","",""
"https://www.google.com/maps/place/entrepreneurj.c+construction/data=!4m7!3m6!1s0x4cc8e61aefa2dced:0x7e46e417ade08fbe!8m2!3d45.7643406!4d-73.4671489!16s%2Fg%2F1hc3y09l6!19sChIJ7dyi7xrmyEwRvo_grRfkRn4?authuser=0&hl=fr&rclk=1","entrepreneurj.c construction","","","Entrepreneur","207 Rue Payette","Ouvert","·","(438) 871-0184","https://www.google.com/aclk?sa=L&ai=DChsSEwji3diC8riRAxXaQH8AHcUzEL4YACICCAEQABoCb2E&ae=2&aspm=1&co=1&ase=2&gclid=CjwKCAiAl-_JBhBjEiwAn3rN7fELU5wrlhRlXCYfPSxxALr1cy8h39lWYT_66nwEPM1TqlRxtIrPtxoCQ_UQAvD_BwE&cid=CAASuwHkaHDz0frMOcNmWfmis2Qj3Z6ltm3visvhbdUmGxtQkv-ReHVgg1hmLZT_ShGNVyWAW2Fc003nc0SRn1meExe_7XFta0IluHRIrU0cHazkwSeNEgZAoDv4TacGt9RzA5HHgHxaIZ3F8aS-cWzK7oyYLbw0DWiQ9SNjJcUXjNJTMNK5BIfigiFxX_cEacXSXpHTDHWzLPdwGJ8h29n4BF2aHkVcGtYKCSXfS5rr1RlD-48LQfND8QsquGKb&cce=2&category=acrcp_v1_35&sig=AOD64_3ULO36WC1whr-NNCVQMkmPZGOWNg&adurl&q&ctype=99&nis=6","Itinéraires","","Estimations en ligne"
"https://www.google.com/maps/place/Maki+Construction/data=!4m7!3m6!1s0x4cc8e606b902c0a5:0x10f59c8ef8a4c170!8m2!3d45.7651538!4d-73.4558962!16s%2Fg%2F11h7s3t893!19sChIJpcACuQbmyEwRcMGk-I6c9RA?authuser=0&hl=fr&rclk=1","Maki Construction","","","Entreprise de construction","100 Rue Chatel","","","","https://www.google.com/aclk?sa=L&ai=DChsSEwji3diC8riRAxXaQH8AHcUzEL4YACICCAEQARoCb2E&co=1&ase=2&gclid=CjwKCAiAl-_JBhBjEiwAn3rN7bG7UuD5fR1QrvAXRpx-AaXoV45nCbLqvc32vI6Cj080WCL-y_Dy-BoCJ1kQAvD_BwE&cid=CAASuwHkaHDz0frMOcNmWfmis2Qj3Z6ltm3visvhbdUmGxtQkv-ReHVgg1hmLZT_ShGNVyWAW2Fc003nc0SRn1meExe_7XFta0IluHRIrU0cHazkwSeNEgZAoDv4TacGt9RzA5HHgHxaIZ3F8aS-cWzK7oyYLbw0DWiQ9SNjJcUXjNJTMNK5BIfigiFxX_cEacXSXpHTDHWzLPdwGJ8h29n4BF2aHkVcGtYKCSXfS5rr1RlD-48LQfND8QsquGKb&cce=2&category=acrcp_v1_32&sig=AOD64_0ltPdWAncYtN3enGUNHkKAhBRcVg&adurl&q&ctype=99&nis=6","Itinéraires","",""
"https://www.google.com/maps/place/AM+DF%C3%A9molition/data=!4m7!3m6!1s0x4cc8e68c9024be6b:0x74dcc8e59233a5fd!8m2!3d45.7320596!4d-73.4953786!16s%2Fg%2F11b5wn4gqb!19sChIJa74kkIzmyEwR_aUzkuXI3HQ?authuser=0&hl=fr&rclk=1","AM DFémolition","4,3","(16)","Entrepreneur en démolition","261 Rue de la Presqu'île","Ferme bientôt","⋅ 16 h 00 ⋅ Ouvre à 07 h 30 lun.","(450) 581-4840","https://www.amdemolition.com/","Site Web","",""
"https://www.google.com/maps/place/Marival+Construction/data=!4m7!3m6!1s0x4cc8e3db40348bd1:0xceecad13f04afbbb!8m2!3d45.6731349!4d-73.4926673!16s%2Fg%2F1tf5pvmn!19sChIJ0Ys0QNvjyEwRu_tK8BOt7M4?authuser=0&hl=fr&rclk=1","Marival Construction","5,0","(4)","Entreprise de construction","61 57e Avenue","","","(514) 642-7612","http://www.constructionmarival.com/","Site Web","https://ssl.gstatic.com/local/servicebusiness/default_user.png","""Bon entrepreneur, très satisfait de la qualité de"
"https://www.google.com/maps/place/Bourque+Construction+Inc./data=!4m7!3m6!1s0x4cc8fcd54a53860b:0xd236b8c9c5cc6d72!8m2!3d45.6485519!4d-73.4116469!16s%2Fg%2F11g0tkcb4b!19sChIJC4ZTStX8yEwRcm3Mxcm4NtI?authuser=0&hl=fr&rclk=1","Bourque Construction Inc.","5,0","(2)","Entreprise de construction","765 Bd Lionel-Boulet","","","(450) 929-1651","https://www.bourque-construction.com/","Site Web","",""
"https://www.google.com/maps/place/RF+Solutions/data=!4m7!3m6!1s0x4cc8e63e2d8c23d9:0xbe0a2c0b86f5b798!8m2!3d45.7579496!4d-73.482794!16s%2Fg%2F11dxhgc_4t!19sChIJ2SOMLT7myEwRmLf1hgssCr4?authuser=0&hl=fr&rclk=1","RF Solutions","4,4","(60)","Entrepreneur en béton","328e Rue St Paul","Ouvert jour et nuit","","(514) 838-7144","https://www.rf-solutions.ca/","Site Web","https://ssl.gstatic.com/local/servicebusiness/default_user.png","""chaque aspect de leur travail a été exécuté avec soin."""
"https://www.google.com/maps/place/Silver+Creek+Construction+:Guy+Jacques/data=!4m7!3m6!1s0x4cc8e6120b4bffff:0x4aa5444bca231a64!8m2!3d45.7569367!4d-73.4692893!16s%2Fg%2F11h3l5mpyl!19sChIJ__9LCxLmyEwRZBojyktEpUo?authuser=0&hl=fr&rclk=1","Silver Creek Construction :Guy Jacques","","","Entrepreneur général","99 Rue Odette","","","(514) 926-2674","http://constructionsilvercreek.ca/","Site Web","",""
"https://www.google.com/maps/place/Construction+%26+R%C3%A9novation+DF+inc./data=!4m7!3m6!1s0x4cc8ef5804f6d889:0xe8e8bb6d39d54811!8m2!3d45.7715364!4d-73.4387952!16s%2Fg%2F11vbzn89y6!19sChIJidj2BFjvyEwREUjVOW276Og?authuser=0&hl=fr&rclk=1","Construction & Rénovation DF inc.","","","Constructeur résidentiel","991 Rue Einstein","Ouvert","·","(514) 715-2403","","Itinéraires","",""
"https://www.google.com/maps/place/Construction-renovation+Chouinard/data=!4m7!3m6!1s0x4cc8e5a73b1ed511:0xc2ffd2c2110b4244!8m2!3d45.6995819!4d-73.4851304!16s%2Fg%2F11j65809k7!19sChIJEdUeO6flyEwRREILEcLS_8I?authuser=0&hl=fr&rclk=1","Construction-renovation Chouinard","","","Entreprise de construction","16275 Rue Notre Dame E","Ouvert","·","(514) 548-3233","","Itinéraires","",""
"https://www.google.com/maps/place/Cojalac+inc./data=!4m7!3m6!1s0x4cc8e72d9a0e2a9f:0xebd75655a2c30b24!8m2!3d45.6468186!4d-73.5533126!16s%2Fg%2F11mgctzq3m!19sChIJnyoOmi3nyEwRJAvDolVW1-s?authuser=0&hl=fr&rclk=1","Cojalac inc.","3,9","(21)","Entreprise de construction","9850 Rue la Martinière","Ouvert","· Ferme à 17 h 00","(514) 548-2772","https://cojalac.com/","Site Web","https://ssl.gstatic.com/local/servicebusiness/default_user.png","""Une agréable équipe merci pour votre travail"""
"https://www.google.com/maps/place/Eugene+Rodrigue+Constructions/data=!4m7!3m6!1s0x4cc8e3ffd248e793:0x48e866296c59bdb7!8m2!3d45.6958388!4d-73.4913516!16s%2Fg%2F11b5wq508c!19sChIJk-dI0v_jyEwRt71ZbClm6Eg?authuser=0&hl=fr&rclk=1","Eugene Rodrigue Constructions","5,0","(1)","Entrepreneur général","16237 Rue Forsyth","","","(514) 259-8549","","Itinéraires","https://ssl.gstatic.com/local/servicebusiness/default_user.png","""Et ce, dans une industrie a l’époque gangrenée de toute part!"""
"https://www.google.com/maps/place/Sph%C3%A8re+DI/data=!4m7!3m6!1s0x4cc8e54cc4817bd5:0xcb4aba70b83e81e2!8m2!3d45.7437212!4d-73.4390462!16s%2Fg%2F11jy6jx2r9!19sChIJ1XuBxEzlyEwR4oE-uHC6Sss?authuser=0&hl=fr&rclk=1","Sphère DI","4,4","(47)","Promoteur immobilier","544 Rue Notre-Dame","Ferme bientôt","⋅ 16 h 30 ⋅ Ouvre à 08 h 30 lun.","(450) 823-5055","http://www.spheredi.com/","Site Web","https://ssl.gstatic.com/local/servicebusiness/default_user.png","""C’est rare de trouver un gestionnaire aussi fiable et attentionné."""
"https://www.google.com/maps/place/Corporation+Immobili%C3%A8re+Domicil/data=!4m7!3m6!1s0x4cc8e6ebe8f8fcf5:0x566293b447666a59!8m2!3d45.7260279!4d-73.5074209!16s%2Fg%2F1v44dl65!19sChIJ9fz46OvmyEwRWWpmR7STYlY?authuser=0&hl=fr&rclk=1","Corporation Immobilière Domicil","4,0","(2)","Constructeur de maisons sur mesure","1000 Mnt des Pionniers suite 228","Ferme bientôt","⋅ 16 h 00 ⋅ Ouvre à 09 h 00 lun.","(514) 374-4444","http://www.domicil.com/","Site Web","",""
"https://www.google.com/maps/place/Solomon+Construction/data=!4m7!3m6!1s0x4cc91ded21e2db11:0xaec6dbc6f0a750fe!8m2!3d45.6122558!4d-73.5159085!16s%2Fg%2F11rwwdw218!19sChIJEdviIe0dyUwR_lCn8Mbbxq4?authuser=0&hl=fr&rclk=1","Solomon Construction","4,7","(17)","Conseiller en ingénierie","2630 Ave Georges-V","Ouvert","· Ferme à 17 h 00","(514) 351-8882","https://www.solomonconstruction.ca/","Site Web","https://ssl.gstatic.com/local/servicebusiness/default_user.png","""Nous avons été particulièrement bien servis par l’ingénieur Maged Ismail."""
"https://www.google.com/maps/place/Lamontagne+et+fils+R%C3%A9novation+-+R%C3%A9novation+Cuisine,+Salle+de+bain,+Sous-sol+Laval/data=!4m7!3m6!1s0x461d82de18c0c497:0x6d66e1a2c23b1fb!8m2!3d45.6482525!4d-73.7137485!16s%2Fg%2F11vk8_8sz_!19sChIJl8TAGN6CHUYR-7EjLBpu1gY?authuser=0&hl=fr&rclk=1","Lamontagne et fils Rénovation - Rénovation Cuisine, Salle de bain, Sous-sol Laval","5,0","(37)","Entrepreneur général","·","Ouvert","· Ferme à 21 h 00","(514) 546-3228","https://www.411habitation.com/renovations/laval/auteuil-6/renovations-auteuil.htm","Site Web","https://ssl.gstatic.com/local/servicebusiness/default_user.png","""Je recommande vivement cette compagnie pour tous vos projets de rénovation!"""
"https://www.google.com/maps/place/Al%C3%A9a+Construction+Inc./data=!4m7!3m6!1s0x4cc8e5ecc828fe4f:0x55f443aff3e25fa1!8m2!3d45.7536766!4d-73.4310043!16s%2Fg%2F11h2gjzczt!19sChIJT_4oyOzlyEwRoV_i869D9FU?authuser=0&hl=fr&rclk=1","Aléa Construction Inc.","","","Entreprise de construction","671 A Rue Notre-Dame","","","(450) 704-5001","","Itinéraires","",""
"https://www.google.com/maps/place/SoumissionRenovation.ca/data=!4m7!3m6!1s0x4cc9191221c5bae9:0xfcdbb635a5fd73b1!8m2!3d45.5370662!4d-73.62448!16s%2Fg%2F11c3j5crs6!19sChIJ6brFIRIZyUwRsXP9pTW22_w?authuser=0&hl=fr&rclk=1","SoumissionRenovation.ca","4,6","(726)","Entrepreneur général","7675 Boul. Saint-Laurent #200","Ouvert","· Ferme à 17 h 00","+1 855-239-7836","https://soumissionrenovation.ca/","Site Web","https://ssl.gstatic.com/local/servicebusiness/default_user.png","""Très satisfait du travail de"
"https://www.google.com/maps/place/Verville+Construction/data=!4m7!3m6!1s0x4cc919ab79f59d7f:0xa965dcfddee3e79f!8m2!3d45.5382506!4d-73.6558233!16s%2Fg%2F11vzdjb082!19sChIJf531easZyUwRn-fj3v3cZak?authuser=0&hl=fr&rclk=1","Verville Construction","5,0","(34)","Entreprise de construction","555 Rue Chabanel O","Ouvert","· Ferme à 18 h 00","(514) 571-7977","https://www.verville.info/","Site Web","https://ssl.gstatic.com/local/servicebusiness/default_user.png","""Je suis très heureuse d’avoir acheté une maison rénovée par Hugo."""
"https://www.google.com/maps/place/Rellocon+Construction%2FRenovation/data=!4m7!3m6!1s0x4cc8e116e9619907:0x2e62f1b83ab0866!8m2!3d45.642553!4d-73.556344!16s%2Fg%2F11fd7hdtr7!19sChIJB5lh6RbhyEwRZgirgxsv5gI?authuser=0&hl=fr&rclk=1","Rellocon Construction/Renovation","4,8","(19)","Entreprise de construction","9525 Boul Henri-Bourassa E","Ferme bientôt","⋅ 16 h 00 ⋅ Ouvre à 09 h 00 sam.","(514) 494-5383","http://rellocon.com/","Site Web","https://ssl.gstatic.com/local/servicebusiness/default_user.png","""Équipe professionnelle et à l'écoute des besoins."""
"https://www.google.com/maps/place/Maxfort+Construction/data=!4m7!3m6!1s0x4cc8e12ef7715555:0x73fa7f8d085b96e3!8m2!3d45.6979488!4d-73.5344899!16s%2Fg%2F11h7s3zzs7!19sChIJVVVx9y7hyEwR45ZbCI1_-nM?authuser=0&hl=fr&rclk=1","Maxfort Construction","4,3","(3)","Entreprise de construction","40 Rue de l'Île-Mathieu","Ouvert","· Ferme à 19 h 00","(514) 808-6822","https://www.constructionmaxfort.com/","Site Web","https://ssl.gstatic.com/local/servicebusiness/default_user.png","""Ses des machine à l ouvrages hâte de commencer pour eux"""
"https://www.google.com/maps/place/CF-CONSTRUCTION/data=!4m7!3m6!1s0x4cc923309ea4e521:0x4fdb353d2dc5a368!8m2!3d45.7135827!4d-73.6241259!16s%2Fg%2F11mvnll9xc!19sChIJIeWknjAjyUwRaKPFLT01208?authuser=0&hl=fr&rclk=1","CF-CONSTRUCTION","4,9","(8)","Entreprise de construction","1096 Rue Levis Bureau 6","Ferme bientôt","⋅ 16 h 00 ⋅ Ouvre à 08 h 00 lun.","(514) 919-1589","http://www.cf-construction.ca/","Site Web","https://ssl.gstatic.com/local/servicebusiness/default_user.png","""Merci CF"
"https://www.google.com/maps/place/Groupe+Novacore+Inc.+-+Terrassement,+Pav%C3%A9-uni,+Pose+de+Tourbe+Repentigny/data=!4m7!3m6!1s0x10a85b1f8d9b763:0xd5c53fc986b302c4!8m2!3d45.7599115!4d-73.4624075!16s%2Fg%2F11vhg286b0!19sChIJY7fZ-LGFCgERxAKzhsk_xdU?authuser=0&hl=fr&rclk=1","Groupe Novacore Inc. - Terrassement, Pavé-uni, Pose de Tourbe Repentigny","5,0","(26)","Paysagiste","·","Ouvert jour et nuit","","(438) 357-6659","https://www.411habitation.com/amenagement-paysager/lanaudiere/repentigny-3/amenagement-paysager-repentigny.htm","Site Web","https://ssl.gstatic.com/local/servicebusiness/default_user.png","""Nous sommes très satisfaits de travaux effectués."""